series_id,timestamp,value
1,2026-03-03 12:56:57,171.0
2,2026-03-03 12:56:57,35.0
3,2026-03-03 12:56:57,287.0
4,2026-03-03 12:56:57,25.0
5,2026-03-03 12:56:57,105.0
6,2026-03-03 12:56:57,18098.18333
7,2026-03-03 12:56:57,0.0
8,2026-03-03 12:56:57,252.89396
9,2026-03-03 12:56:57,13.25
10,2026-03-03 12:56:57,127.0
11,2026-03-03 12:56:57,14.0
12,2026-03-03 12:56:57,0.0
13,2026-03-03 12:56:57,0.40705
14,2026-03-03 12:56:57,0.0
15,2026-03-03 12:56:57,16921.0
16,2026-03-03 12:56:57,25.0
17,2026-03-03 12:56:57,1107.0
18,2026-03-03 12:56:57,15.0
19,2026-03-03 12:56:57,0.0
20,2026-03-03 12:56:57,3.54808
21,2026-03-03 12:56:57,2.0
22,2026-03-03 12:56:57,4490.0
23,2026-03-03 12:56:57,15.0
24,2026-03-03 12:56:57,312.0
1,2026-03-03 13:38:36,170.0
2,2026-03-03 13:38:36,35.0
3,2026-03-03 13:38:36,287.0
4,2026-03-03 13:38:36,31.0
5,2026-03-03 13:38:36,107.0
6,2026-03-03 13:38:36,18098.88333
7,2026-03-03 13:38:36,0.0
8,2026-03-03 13:38:36,248.23857
9,2026-03-03 13:38:36,12.50833
10,2026-03-03 13:38:36,142.0
11,2026-03-03 13:38:36,13.0
12,2026-03-03 13:38:36,0.0
13,2026-03-03 13:38:36,0.44654
14,2026-03-03 13:38:36,0.0
15,2026-03-03 13:38:36,17053.0
16,2026-03-03 13:38:36,25.0
17,2026-03-03 13:38:36,1111.0
18,2026-03-03 13:38:36,15.0
19,2026-03-03 13:38:36,0.0
20,2026-03-03 13:38:36,3.49371
21,2026-03-03 13:38:36,2.0
22,2026-03-03 13:38:36,4566.0
23,2026-03-03 13:38:36,15.0
24,2026-03-03 13:38:36,318.0
1,2026-03-03 14:26:48,170.0
2,2026-03-03 14:26:48,35.0
3,2026-03-03 14:26:48,287.0
4,2026-03-03 14:26:48,27.0
5,2026-03-03 14:26:48,103.0
6,2026-03-03 14:26:48,18099.68333
7,2026-03-03 14:26:48,0.0
8,2026-03-03 14:26:48,251.63588
9,2026-03-03 14:26:48,12.8
10,2026-03-03 14:26:48,133.0
11,2026-03-03 14:26:48,11.0
12,2026-03-03 14:26:48,0.0
13,2026-03-03 14:26:48,0.42357
14,2026-03-03 14:26:48,0.0
15,2026-03-03 14:26:48,16888.0
16,2026-03-03 14:26:48,25.0
17,2026-03-03 14:26:48,1112.0
18,2026-03-03 14:26:48,15.0
19,2026-03-03 14:26:48,0.0
20,2026-03-03 14:26:48,3.5414
21,2026-03-03 14:26:48,2.0
22,2026-03-03 14:26:48,4495.0
23,2026-03-03 14:26:48,15.0
24,2026-03-03 14:26:48,314.0
1,2026-03-03 15:18:53,170.0
2,2026-03-03 15:18:53,36.0
3,2026-03-03 15:18:53,288.0
4,2026-03-03 15:18:53,33.0
5,2026-03-03 15:18:53,111.0
6,2026-03-03 15:18:53,19786.58333
7,2026-03-03 15:18:53,0.0
8,2026-03-03 15:18:53,307.71521
9,2026-03-03 15:18:53,12.08333
10,2026-03-03 15:18:53,138.0
11,2026-03-03 15:18:53,13.0
12,2026-03-03 15:18:53,0.0
13,2026-03-03 15:18:53,0.42991
14,2026-03-03 15:18:53,0.0
15,2026-03-03 15:18:53,17258.0
16,2026-03-03 15:18:53,25.0
17,2026-03-03 15:18:53,1125.0
18,2026-03-03 15:18:53,15.0
19,2026-03-03 15:18:53,0.0
20,2026-03-03 15:18:53,3.50467
21,2026-03-03 15:18:53,2.0
22,2026-03-03 15:18:53,4581.0
23,2026-03-03 15:18:53,15.0
24,2026-03-03 15:18:53,321.0
1,2026-03-03 16:06:36,170.0
2,2026-03-03 16:06:36,35.0
3,2026-03-03 16:06:36,286.0
4,2026-03-03 16:06:36,36.0
5,2026-03-03 16:06:36,112.0
6,2026-03-03 16:06:36,18101.35
7,2026-03-03 16:06:36,0.0
8,2026-03-03 16:06:36,244.76201
9,2026-03-03 16:06:36,12.61667
10,2026-03-03 16:06:36,159.0
11,2026-03-03 16:06:36,16.0
12,2026-03-03 16:06:36,0.0
13,2026-03-03 16:06:36,0.49379
14,2026-03-03 16:06:36,0.0
15,2026-03-03 16:06:36,17264.0
16,2026-03-03 16:06:36,25.0
17,2026-03-03 16:06:36,1125.0
18,2026-03-03 16:06:36,15.0
19,2026-03-03 16:06:36,0.0
20,2026-03-03 16:06:36,3.49379
21,2026-03-03 16:06:36,2.0
22,2026-03-03 16:06:36,4570.0
23,2026-03-03 16:06:36,15.0
24,2026-03-03 16:06:36,322.0
1,2026-03-03 17:05:05,169.0
2,2026-03-03 17:05:05,35.0
3,2026-03-03 17:05:05,284.0
4,2026-03-03 17:05:05,37.0
5,2026-03-03 17:05:05,114.0
6,2026-03-03 17:05:05,18102.33333
7,2026-03-03 17:05:05,0.0
8,2026-03-03 17:05:05,245.51599
9,2026-03-03 17:05:05,13.0
10,2026-03-03 17:05:05,172.0
11,2026-03-03 17:05:05,16.0
12,2026-03-03 17:05:05,0.0
13,2026-03-03 17:05:05,0.53583
14,2026-03-03 17:05:05,0.0
15,2026-03-03 17:05:05,17199.0
16,2026-03-03 17:05:05,25.0
17,2026-03-03 17:05:05,1128.0
18,2026-03-03 17:05:05,15.0
19,2026-03-03 17:05:05,0.0
20,2026-03-03 17:05:05,3.51402
21,2026-03-03 17:05:05,2.0
22,2026-03-03 17:05:05,4594.0
23,2026-03-03 17:05:05,15.0
24,2026-03-03 17:05:05,321.0
1,2026-03-03 17:59:26,171.0
2,2026-03-03 17:59:26,34.0
3,2026-03-03 17:59:26,283.0
4,2026-03-03 17:59:26,45.0
5,2026-03-03 17:59:26,120.0
6,2026-03-03 17:59:26,19787.03333
7,2026-03-03 17:59:26,0.0
8,2026-03-03 17:59:26,299.93674
9,2026-03-03 17:59:26,12.975
10,2026-03-03 17:59:26,190.0
11,2026-03-03 17:59:26,13.0
12,2026-03-03 17:59:26,0.0
13,2026-03-03 17:59:26,0.57927
14,2026-03-03 17:59:26,0.0
15,2026-03-03 17:59:26,17494.0
16,2026-03-03 17:59:26,25.0
17,2026-03-03 17:59:26,1142.0
18,2026-03-03 17:59:26,15.0
19,2026-03-03 17:59:26,0.0
20,2026-03-03 17:59:26,3.48171
21,2026-03-03 17:59:26,2.0
22,2026-03-03 17:59:26,4680.0
23,2026-03-03 17:59:26,15.0
24,2026-03-03 17:59:26,328.0
1,2026-03-03 19:01:36,171.0
2,2026-03-03 19:01:36,34.0
3,2026-03-03 19:01:36,284.0
4,2026-03-03 19:01:36,49.0
5,2026-03-03 19:01:36,122.0
6,2026-03-03 19:01:36,18104.28333
7,2026-03-03 19:01:36,0.0
8,2026-03-03 19:01:36,236.31241
9,2026-03-03 19:01:36,12.95
10,2026-03-03 19:01:36,191.0
11,2026-03-03 19:01:36,12.0
12,2026-03-03 19:01:36,0.0
13,2026-03-03 19:01:36,0.57357
14,2026-03-03 19:01:36,0.0
15,2026-03-03 19:01:36,17584.0
16,2026-03-03 19:01:36,25.0
17,2026-03-03 19:01:36,1164.0
18,2026-03-03 19:01:36,15.0
19,2026-03-03 19:01:36,0.0
20,2026-03-03 19:01:36,3.4955
21,2026-03-03 19:01:36,2.0
22,2026-03-03 19:01:36,4742.0
23,2026-03-03 19:01:36,15.0
24,2026-03-03 19:01:36,333.0
1,2026-03-03 19:48:39,168.0
2,2026-03-03 19:48:39,34.0
3,2026-03-03 19:48:39,283.0
4,2026-03-03 19:48:39,60.0
5,2026-03-03 19:48:39,132.0
6,2026-03-03 19:48:39,18105.06667
7,2026-03-03 19:48:39,0.0
8,2026-03-03 19:48:39,230.06856
9,2026-03-03 19:48:39,12.06667
10,2026-03-03 19:48:39,213.0
11,2026-03-03 19:48:39,10.0
12,2026-03-03 19:48:39,0.0
13,2026-03-03 19:48:39,0.62099
14,2026-03-03 19:48:39,0.0
15,2026-03-03 19:48:39,17487.0
16,2026-03-03 19:48:39,25.0
17,2026-03-03 19:48:39,1185.0
18,2026-03-03 19:48:39,15.0
19,2026-03-03 19:48:39,0.0
20,2026-03-03 19:48:39,3.45481
21,2026-03-03 19:48:39,2.0
22,2026-03-03 19:48:39,4834.0
23,2026-03-03 19:48:39,15.0
24,2026-03-03 19:48:39,343.0
1,2026-03-03 20:07:52,169.0
2,2026-03-03 20:07:52,35.0
3,2026-03-03 20:07:52,285.0
4,2026-03-03 20:07:52,61.0
5,2026-03-03 20:07:52,134.0
6,2026-03-03 20:07:52,18105.38333
7,2026-03-03 20:07:52,0.0
8,2026-03-03 20:07:52,228.2275
9,2026-03-03 20:07:52,12.1
10,2026-03-03 20:07:52,226.0
11,2026-03-03 20:07:52,12.0
12,2026-03-03 20:07:52,0.0
13,2026-03-03 20:07:52,0.65318
14,2026-03-03 20:07:52,0.0
15,2026-03-03 20:07:52,17562.0
16,2026-03-03 20:07:52,25.0
17,2026-03-03 20:07:52,1206.0
18,2026-03-03 20:07:52,15.0
19,2026-03-03 20:07:52,0.0
20,2026-03-03 20:07:52,3.48555
21,2026-03-03 20:07:52,2.0
22,2026-03-03 20:07:52,4867.0
23,2026-03-03 20:07:52,15.0
24,2026-03-03 20:07:52,346.0
1,2026-03-03 20:50:04,167.0
2,2026-03-03 20:50:04,34.0
3,2026-03-03 20:50:04,285.0
4,2026-03-03 20:50:04,61.0
5,2026-03-03 20:50:04,136.0
6,2026-03-03 20:50:04,19787.48333
7,2026-03-03 20:50:04,0.0
8,2026-03-03 20:50:04,285.75226
9,2026-03-03 20:50:04,12.5
10,2026-03-03 20:50:04,227.0
11,2026-03-03 20:50:04,12.0
12,2026-03-03 20:50:04,0.0
13,2026-03-03 20:50:04,0.65607
14,2026-03-03 20:50:04,0.0
15,2026-03-03 20:50:04,17372.0
16,2026-03-03 20:50:04,25.0
17,2026-03-03 20:50:04,1226.0
18,2026-03-03 20:50:04,15.0
19,2026-03-03 20:50:04,0.0
20,2026-03-03 20:50:04,3.54335
21,2026-03-03 20:50:04,2.0
22,2026-03-03 20:50:04,4831.0
23,2026-03-03 20:50:04,15.0
24,2026-03-03 20:50:04,346.0
1,2026-03-03 21:25:04,165.0
2,2026-03-03 21:25:04,33.0
3,2026-03-03 21:25:04,285.0
4,2026-03-03 21:25:04,53.0
5,2026-03-03 21:25:04,131.0
6,2026-03-03 21:25:04,18106.66667
7,2026-03-03 21:25:04,0.0
8,2026-03-03 21:25:04,234.10054
9,2026-03-03 21:25:04,12.975
10,2026-03-03 21:25:04,205.0
11,2026-03-03 21:25:04,10.0
12,2026-03-03 21:25:04,0.0
13,2026-03-03 21:25:04,0.60651
14,2026-03-03 21:25:04,0.0
15,2026-03-03 21:25:04,17266.0
16,2026-03-03 21:25:04,25.0
17,2026-03-03 21:25:04,1218.0
18,2026-03-03 21:25:04,15.0
19,2026-03-03 21:25:04,0.0
20,2026-03-03 21:25:04,3.60355
21,2026-03-03 21:25:04,2.0
22,2026-03-03 21:25:04,4808.0
23,2026-03-03 21:25:04,15.0
24,2026-03-03 21:25:04,338.0
1,2026-03-03 21:55:04,167.0
2,2026-03-03 21:55:04,33.0
3,2026-03-03 21:55:04,287.0
4,2026-03-03 21:55:04,46.0
5,2026-03-03 21:55:04,125.0
6,2026-03-03 21:55:04,19787.71667
7,2026-03-03 21:55:04,0.0
8,2026-03-03 21:55:04,297.23233
9,2026-03-03 21:55:04,14.68333
10,2026-03-03 21:55:04,185.0
11,2026-03-03 21:55:04,10.0
12,2026-03-03 21:55:04,0.0
13,2026-03-03 21:55:04,0.55556
14,2026-03-03 21:55:04,0.0
15,2026-03-03 21:55:04,17245.0
16,2026-03-03 21:55:04,25.0
17,2026-03-03 21:55:04,1205.0
18,2026-03-03 21:55:04,15.0
19,2026-03-03 21:55:04,0.0
20,2026-03-03 21:55:04,3.61862
21,2026-03-03 21:55:04,2.0
22,2026-03-03 21:55:04,4722.0
23,2026-03-03 21:55:04,15.0
24,2026-03-03 21:55:04,333.0
1,2026-03-03 22:28:24,167.0
2,2026-03-03 22:28:24,33.0
3,2026-03-03 22:28:24,284.0
4,2026-03-03 22:28:24,46.0
5,2026-03-03 22:28:24,123.0
6,2026-03-03 22:28:24,18107.71667
7,2026-03-03 22:28:24,0.0
8,2026-03-03 22:28:24,240.08687
9,2026-03-03 22:28:24,14.81667
10,2026-03-03 22:28:24,174.0
11,2026-03-03 22:28:24,10.0
12,2026-03-03 22:28:24,0.0
13,2026-03-03 22:28:24,0.52727
14,2026-03-03 22:28:24,0.0
15,2026-03-03 22:28:24,17282.0
16,2026-03-03 22:28:24,25.0
17,2026-03-03 22:28:24,1186.0
18,2026-03-03 22:28:24,15.0
19,2026-03-03 22:28:24,0.0
20,2026-03-03 22:28:24,3.59394
21,2026-03-03 22:28:24,2.0
22,2026-03-03 22:28:24,4697.0
23,2026-03-03 22:28:24,15.0
24,2026-03-03 22:28:24,330.0
1,2026-03-03 22:57:55,166.0
2,2026-03-03 22:57:55,32.0
3,2026-03-03 22:57:55,285.0
4,2026-03-03 22:57:55,35.0
5,2026-03-03 22:57:55,114.0
6,2026-03-03 22:57:55,18108.21667
7,2026-03-03 22:57:55,0.0
8,2026-03-03 22:57:55,247.13479
9,2026-03-03 22:57:55,15.29167
10,2026-03-03 22:57:55,145.0
11,2026-03-03 22:57:55,10.0
12,2026-03-03 22:57:55,0.0
13,2026-03-03 22:57:55,0.45312
14,2026-03-03 22:57:55,0.0
15,2026-03-03 22:57:55,16903.0
16,2026-03-03 22:57:55,25.0
17,2026-03-03 22:57:55,1166.0
18,2026-03-03 22:57:55,15.0
19,2026-03-03 22:57:55,0.0
20,2026-03-03 22:57:55,3.64375
21,2026-03-03 22:57:55,2.0
22,2026-03-03 22:57:55,4600.0
23,2026-03-03 22:57:55,15.0
24,2026-03-03 22:57:55,320.0
1,2026-03-03 23:26:36,166.0
2,2026-03-03 23:26:36,32.0
3,2026-03-03 23:26:36,285.0
4,2026-03-03 23:26:36,38.0
5,2026-03-03 23:26:36,117.0
6,2026-03-03 23:26:36,19787.93333
7,2026-03-03 23:26:36,0.0
8,2026-03-03 23:26:36,306.29288
9,2026-03-03 23:26:36,15.36667
10,2026-03-03 23:26:36,137.0
11,2026-03-03 23:26:36,10.0
12,2026-03-03 23:26:36,0.0
13,2026-03-03 23:26:36,0.42415
14,2026-03-03 23:26:36,0.0
15,2026-03-03 23:26:36,16925.0
16,2026-03-03 23:26:36,25.0
17,2026-03-03 23:26:36,1181.0
18,2026-03-03 23:26:36,15.0
19,2026-03-03 23:26:36,0.0
20,2026-03-03 23:26:36,3.65635
21,2026-03-03 23:26:36,2.0
22,2026-03-03 23:26:36,4626.0
23,2026-03-03 23:26:36,15.0
24,2026-03-03 23:26:36,323.0
1,2026-03-03 23:52:12,165.0
2,2026-03-03 23:52:12,32.0
3,2026-03-03 23:52:12,285.0
4,2026-03-03 23:52:12,36.0
5,2026-03-03 23:52:12,115.0
6,2026-03-03 23:52:12,18109.11667
7,2026-03-03 23:52:12,0.0
8,2026-03-03 23:52:12,246.70249
9,2026-03-03 23:52:12,15.36667
10,2026-03-03 23:52:12,138.0
11,2026-03-03 23:52:12,10.0
12,2026-03-03 23:52:12,0.0
13,2026-03-03 23:52:12,0.42991
14,2026-03-03 23:52:12,0.0
15,2026-03-03 23:52:12,16903.0
16,2026-03-03 23:52:12,25.0
17,2026-03-03 23:52:12,1151.0
18,2026-03-03 23:52:12,15.0
19,2026-03-03 23:52:12,0.0
20,2026-03-03 23:52:12,3.58567
21,2026-03-03 23:52:12,2.0
22,2026-03-03 23:52:12,4601.0
23,2026-03-03 23:52:12,15.0
24,2026-03-03 23:52:12,321.0
1,2026-03-04 00:56:36,168.0
2,2026-03-04 00:56:36,31.0
3,2026-03-04 00:56:36,284.0
4,2026-03-04 00:56:36,30.0
5,2026-03-04 00:56:36,109.0
6,2026-03-04 00:56:36,18110.2
7,2026-03-04 00:56:36,0.0
8,2026-03-04 00:56:36,252.20881
9,2026-03-04 00:56:36,16.05833
10,2026-03-04 00:56:36,113.0
11,2026-03-04 00:56:36,11.0
12,2026-03-04 00:56:36,0.0
13,2026-03-04 00:56:36,0.35987
14,2026-03-04 00:56:36,0.0
15,2026-03-04 00:56:36,16714.0
16,2026-03-04 00:56:36,25.0
17,2026-03-04 00:56:36,1129.0
18,2026-03-04 00:56:36,15.0
19,2026-03-04 00:56:36,0.0
20,2026-03-04 00:56:36,3.59554
21,2026-03-04 00:56:36,2.0
22,2026-03-04 00:56:36,4522.0
23,2026-03-04 00:56:36,15.0
24,2026-03-04 00:56:36,314.0
1,2026-03-04 03:26:36,166.0
2,2026-03-04 03:26:36,31.0
3,2026-03-04 03:26:36,281.0
4,2026-03-04 03:26:36,33.0
5,2026-03-04 03:26:36,112.0
6,2026-03-04 03:26:36,19788.61667
7,2026-03-04 03:26:36,0.0
8,2026-03-04 03:26:36,316.08301
9,2026-03-04 03:26:36,16.66667
10,2026-03-04 03:26:36,119.0
11,2026-03-04 03:26:36,11.0
12,2026-03-04 03:26:36,0.0
13,2026-03-04 03:26:36,0.37898
14,2026-03-04 03:26:36,0.0
15,2026-03-04 03:26:36,16643.0
16,2026-03-04 03:26:36,25.0
17,2026-03-04 03:26:36,1133.0
18,2026-03-04 03:26:36,15.0
19,2026-03-04 03:26:36,0.0
20,2026-03-04 03:26:36,3.60828
21,2026-03-04 03:26:36,2.0
22,2026-03-04 03:26:36,4465.0
23,2026-03-04 03:26:36,15.0
24,2026-03-04 03:26:36,314.0
1,2026-03-04 04:56:36,173.0
2,2026-03-04 04:56:36,32.0
3,2026-03-04 04:56:36,278.0
4,2026-03-04 04:56:36,27.0
5,2026-03-04 04:56:36,105.0
6,2026-03-04 04:56:36,18114.2
7,2026-03-04 04:56:36,0.0
8,2026-03-04 04:56:36,259.20339
9,2026-03-04 04:56:36,15.36667
10,2026-03-04 04:56:36,103.0
11,2026-03-04 04:56:36,11.0
12,2026-03-04 04:56:36,0.0
13,2026-03-04 04:56:36,0.3377
14,2026-03-04 04:56:36,0.0
15,2026-03-04 04:56:36,16312.0
16,2026-03-04 04:56:36,25.0
17,2026-03-04 04:56:36,1082.0
18,2026-03-04 04:56:36,15.0
19,2026-03-04 04:56:36,0.0
20,2026-03-04 04:56:36,3.54754
21,2026-03-04 04:56:36,2.0
22,2026-03-04 04:56:36,4379.0
23,2026-03-04 04:56:36,15.0
24,2026-03-04 04:56:36,305.0
1,2026-03-04 05:45:03,172.0
2,2026-03-04 05:45:03,34.0
3,2026-03-04 05:45:03,279.0
4,2026-03-04 05:45:03,26.0
5,2026-03-04 05:45:03,103.0
6,2026-03-04 05:45:03,18115.0
7,2026-03-04 05:45:03,0.0
8,2026-03-04 05:45:03,259.3535
9,2026-03-04 05:45:03,15.01667
10,2026-03-04 05:45:03,98.0
11,2026-03-04 05:45:03,13.0
12,2026-03-04 05:45:03,0.0
13,2026-03-04 05:45:03,0.32131
14,2026-03-04 05:45:03,0.0
15,2026-03-04 05:45:03,16525.0
16,2026-03-04 05:45:03,25.0
17,2026-03-04 05:45:03,1072.0
18,2026-03-04 05:45:03,15.0
19,2026-03-04 05:45:03,0.0
20,2026-03-04 05:45:03,3.51475
21,2026-03-04 05:45:03,2.0
22,2026-03-04 05:45:03,4355.0
23,2026-03-04 05:45:03,15.0
24,2026-03-04 05:45:03,305.0
1,2026-03-04 06:30:04,170.0
2,2026-03-04 06:30:04,33.0
3,2026-03-04 06:30:04,277.0
4,2026-03-04 06:30:04,25.0
5,2026-03-04 06:30:04,104.0
6,2026-03-04 06:30:04,18115.75
7,2026-03-04 06:30:04,0.0
8,2026-03-04 06:30:04,261.9468
9,2026-03-04 06:30:04,15.35833
10,2026-03-04 06:30:04,103.0
11,2026-03-04 06:30:04,17.0
12,2026-03-04 06:30:04,0.0
13,2026-03-04 06:30:04,0.34106
14,2026-03-04 06:30:04,0.0
15,2026-03-04 06:30:04,16730.0
16,2026-03-04 06:30:04,25.0
17,2026-03-04 06:30:04,1081.0
18,2026-03-04 06:30:04,15.0
19,2026-03-04 06:30:04,0.0
20,2026-03-04 06:30:04,3.57947
21,2026-03-04 06:30:04,2.0
22,2026-03-04 06:30:04,4321.0
23,2026-03-04 06:30:04,15.0
24,2026-03-04 06:30:04,302.0
1,2026-03-04 07:25:03,173.0
2,2026-03-04 07:25:03,33.0
3,2026-03-04 07:25:03,282.0
4,2026-03-04 07:25:03,24.0
5,2026-03-04 07:25:03,103.0
6,2026-03-04 07:25:03,19789.3
7,2026-03-04 07:25:03,0.0
8,2026-03-04 07:25:03,324.11264
9,2026-03-04 07:25:03,16.25
10,2026-03-04 07:25:03,99.0
11,2026-03-04 07:25:03,14.0
12,2026-03-04 07:25:03,0.0
13,2026-03-04 07:25:03,0.32353
14,2026-03-04 07:25:03,0.0
15,2026-03-04 07:25:03,16783.0
16,2026-03-04 07:25:03,25.0
17,2026-03-04 07:25:03,1097.0
18,2026-03-04 07:25:03,15.0
19,2026-03-04 07:25:03,0.0
20,2026-03-04 07:25:03,3.58497
21,2026-03-04 07:25:03,2.0
22,2026-03-04 07:25:03,4411.0
23,2026-03-04 07:25:03,15.0
24,2026-03-04 07:25:03,306.0
1,2026-03-04 08:00:03,172.0
2,2026-03-04 08:00:03,33.0
3,2026-03-04 08:00:03,281.0
4,2026-03-04 08:00:03,25.0
5,2026-03-04 08:00:03,104.0
6,2026-03-04 08:00:03,18117.26667
7,2026-03-04 08:00:03,0.0
8,2026-03-04 08:00:03,259.28361
9,2026-03-04 08:00:03,15.68333
10,2026-03-04 08:00:03,102.0
11,2026-03-04 08:00:03,14.0
12,2026-03-04 08:00:03,0.0
13,2026-03-04 08:00:03,0.33333
14,2026-03-04 08:00:03,0.0
15,2026-03-04 08:00:03,16798.0
16,2026-03-04 08:00:03,25.0
17,2026-03-04 08:00:03,1074.0
18,2026-03-04 08:00:03,15.0
19,2026-03-04 08:00:03,0.0
20,2026-03-04 08:00:03,3.5098
21,2026-03-04 08:00:03,2.0
22,2026-03-04 08:00:03,4415.0
23,2026-03-04 08:00:03,15.0
24,2026-03-04 08:00:03,306.0
1,2026-03-04 08:58:18,172.0
2,2026-03-04 08:58:18,33.0
3,2026-03-04 08:58:18,281.0
4,2026-03-04 08:58:18,23.0
5,2026-03-04 08:58:18,102.0
6,2026-03-04 08:58:18,18118.23333
7,2026-03-04 08:58:18,0.0
8,2026-03-04 08:58:18,261.20203
9,2026-03-04 08:58:18,16.34167
10,2026-03-04 08:58:18,113.0
11,2026-03-04 08:58:18,15.0
12,2026-03-04 08:58:18,0.0
13,2026-03-04 08:58:18,0.37171
14,2026-03-04 08:58:18,0.0
15,2026-03-04 08:58:18,16751.0
16,2026-03-04 08:58:18,25.0
17,2026-03-04 08:58:18,1080.0
18,2026-03-04 08:58:18,15.0
19,2026-03-04 08:58:18,0.0
20,2026-03-04 08:58:18,3.55263
21,2026-03-04 08:58:18,2.0
22,2026-03-04 08:58:18,4389.0
23,2026-03-04 08:58:18,15.0
24,2026-03-04 08:58:18,304.0
1,2026-03-04 09:41:54,172.0
2,2026-03-04 09:41:54,33.0
3,2026-03-04 09:41:54,282.0
4,2026-03-04 09:41:54,24.0
5,2026-03-04 09:41:54,103.0
6,2026-03-04 09:41:54,18118.95
7,2026-03-04 09:41:54,0.0
8,2026-03-04 09:41:54,259.66465
9,2026-03-04 09:41:54,16.28333
10,2026-03-04 09:41:54,125.0
11,2026-03-04 09:41:54,14.0
12,2026-03-04 09:41:54,0.0
13,2026-03-04 09:41:54,0.4085
14,2026-03-04 09:41:54,0.0
15,2026-03-04 09:41:54,16787.0
16,2026-03-04 09:41:54,25.0
17,2026-03-04 09:41:54,1093.0
18,2026-03-04 09:41:54,15.0
19,2026-03-04 09:41:54,0.0
20,2026-03-04 09:41:54,3.5719
21,2026-03-04 09:41:54,2.0
22,2026-03-04 09:41:54,4398.0
23,2026-03-04 09:41:54,15.0
24,2026-03-04 09:41:54,306.0
1,2026-03-04 10:09:35,172.0
2,2026-03-04 10:09:35,33.0
3,2026-03-04 10:09:35,282.0
4,2026-03-04 10:09:35,25.0
5,2026-03-04 10:09:35,104.0
6,2026-03-04 10:09:35,18119.41667
7,2026-03-04 10:09:35,0.0
8,2026-03-04 10:09:35,259.02226
9,2026-03-04 10:09:35,16.25
10,2026-03-04 10:09:35,135.0
11,2026-03-04 10:09:35,13.0
12,2026-03-04 10:09:35,0.0
13,2026-03-04 10:09:35,0.43974
14,2026-03-04 10:09:35,0.0
15,2026-03-04 10:09:35,16793.0
16,2026-03-04 10:09:35,25.0
17,2026-03-04 10:09:35,1105.0
18,2026-03-04 10:09:35,15.0
19,2026-03-04 10:09:35,0.0
20,2026-03-04 10:09:35,3.59935
21,2026-03-04 10:09:35,2.0
22,2026-03-04 10:09:35,4404.0
23,2026-03-04 10:09:35,15.0
24,2026-03-04 10:09:35,307.0
1,2026-03-04 10:58:05,170.0
2,2026-03-04 10:58:05,35.0
3,2026-03-04 10:58:05,281.0
4,2026-03-04 10:58:05,26.0
5,2026-03-04 10:58:05,103.0
6,2026-03-04 10:58:05,18120.23333
7,2026-03-04 10:58:05,0.0
8,2026-03-04 10:58:05,259.29099
9,2026-03-04 10:58:05,16.26667
10,2026-03-04 10:58:05,131.0
11,2026-03-04 10:58:05,15.0
12,2026-03-04 10:58:05,0.0
13,2026-03-04 10:58:05,0.42671
14,2026-03-04 10:58:05,0.0
15,2026-03-04 10:58:05,16785.0
16,2026-03-04 10:58:05,25.0
17,2026-03-04 10:58:05,1108.0
18,2026-03-04 10:58:05,15.0
19,2026-03-04 10:58:05,0.0
20,2026-03-04 10:58:05,3.60912
21,2026-03-04 10:58:05,2.0
22,2026-03-04 10:58:05,4397.0
23,2026-03-04 10:58:05,15.0
24,2026-03-04 10:58:05,307.0
1,2026-03-04 11:38:10,170.0
2,2026-03-04 11:38:10,35.0
3,2026-03-04 11:38:10,281.0
4,2026-03-04 11:38:10,26.0
5,2026-03-04 11:38:10,105.0
6,2026-03-04 11:38:10,18120.9
7,2026-03-04 11:38:10,0.0
8,2026-03-04 11:38:10,259.29408
9,2026-03-04 11:38:10,15.76667
10,2026-03-04 11:38:10,126.0
11,2026-03-04 11:38:10,13.0
12,2026-03-04 11:38:10,0.0
13,2026-03-04 11:38:10,0.41042
14,2026-03-04 11:38:10,0.0
15,2026-03-04 11:38:10,16803.0
16,2026-03-04 11:38:10,25.0
17,2026-03-04 11:38:10,1091.0
18,2026-03-04 11:38:10,15.0
19,2026-03-04 11:38:10,0.0
20,2026-03-04 11:38:10,3.55375
21,2026-03-04 11:38:10,2.0
22,2026-03-04 11:38:10,4411.0
23,2026-03-04 11:38:10,15.0
24,2026-03-04 11:38:10,307.0
1,2026-03-04 12:02:35,172.0
2,2026-03-04 12:02:35,35.0
3,2026-03-04 12:02:35,281.0
4,2026-03-04 12:02:35,32.0
5,2026-03-04 12:02:35,110.0
6,2026-03-04 12:02:35,18121.31667
7,2026-03-04 12:02:35,0.0
8,2026-03-04 12:02:35,254.48136
9,2026-03-04 12:02:35,14.9
10,2026-03-04 12:02:35,139.0
11,2026-03-04 12:02:35,14.0
12,2026-03-04 12:02:35,0.0
13,2026-03-04 12:02:35,0.44409
14,2026-03-04 12:02:35,0.0
15,2026-03-04 12:02:35,16907.0
16,2026-03-04 12:02:35,25.0
17,2026-03-04 12:02:35,1109.0
18,2026-03-04 12:02:35,15.0
19,2026-03-04 12:02:35,0.0
20,2026-03-04 12:02:35,3.54313
21,2026-03-04 12:02:35,2.0
22,2026-03-04 12:02:35,4490.0
23,2026-03-04 12:02:35,15.0
24,2026-03-04 12:02:35,313.0
1,2026-03-04 13:20:03,172.0
2,2026-03-04 13:20:03,34.0
3,2026-03-04 13:20:03,283.0
4,2026-03-04 13:20:03,34.0
5,2026-03-04 13:20:03,110.0
6,2026-03-04 13:20:03,18121.18333
7,2026-03-04 13:20:03,0.0
8,2026-03-04 13:20:03,251.73896
9,2026-03-04 13:20:03,14.9
10,2026-03-04 13:20:03,141.0
11,2026-03-04 13:20:03,14.0
12,2026-03-04 13:20:03,0.0
13,2026-03-04 13:20:03,0.44479
14,2026-03-04 13:20:03,0.0
15,2026-03-04 13:20:03,17031.0
16,2026-03-04 13:20:03,25.0
17,2026-03-04 13:20:03,1123.0
18,2026-03-04 13:20:03,15.0
19,2026-03-04 13:20:03,0.0
20,2026-03-04 13:20:03,3.54259
21,2026-03-04 13:20:03,2.0
22,2026-03-04 13:20:03,4567.0
23,2026-03-04 13:20:03,15.0
24,2026-03-04 13:20:03,317.0
1,2026-03-04 14:11:12,171.0
2,2026-03-04 14:11:12,36.0
3,2026-03-04 14:11:12,283.0
4,2026-03-04 14:11:12,35.0
5,2026-03-04 14:11:12,113.0
6,2026-03-04 14:11:12,18122.03333
7,2026-03-04 14:11:12,0.0
8,2026-03-04 14:11:12,251.28097
9,2026-03-04 14:11:12,14.79167
10,2026-03-04 14:11:12,157.0
11,2026-03-04 14:11:12,17.0
12,2026-03-04 14:11:12,0.0
13,2026-03-04 14:11:12,0.49371
14,2026-03-04 14:11:12,0.0
15,2026-03-04 14:11:12,17261.0
16,2026-03-04 14:11:12,25.0
17,2026-03-04 14:11:12,1133.0
18,2026-03-04 14:11:12,15.0
19,2026-03-04 14:11:12,0.0
20,2026-03-04 14:11:12,3.56289
21,2026-03-04 14:11:12,2.0
22,2026-03-04 14:11:12,4585.0
23,2026-03-04 14:11:12,15.0
24,2026-03-04 14:11:12,318.0
1,2026-03-04 14:56:36,171.0
2,2026-03-04 14:56:36,36.0
3,2026-03-04 14:56:36,283.0
4,2026-03-04 14:56:36,32.0
5,2026-03-04 14:56:36,109.0
6,2026-03-04 14:56:36,18122.78333
7,2026-03-04 14:56:36,0.0
8,2026-03-04 14:56:36,253.82079
9,2026-03-04 14:56:36,14.9
10,2026-03-04 14:56:36,141.0
11,2026-03-04 14:56:36,18.0
12,2026-03-04 14:56:36,0.0
13,2026-03-04 14:56:36,0.44762
14,2026-03-04 14:56:36,0.0
15,2026-03-04 14:56:36,17123.0
16,2026-03-04 14:56:36,25.0
17,2026-03-04 14:56:36,1120.0
18,2026-03-04 14:56:36,15.0
19,2026-03-04 14:56:36,0.0
20,2026-03-04 14:56:36,3.55556
21,2026-03-04 14:56:36,2.0
22,2026-03-04 14:56:36,4527.0
23,2026-03-04 14:56:36,15.0
24,2026-03-04 14:56:36,315.0
1,2026-03-04 15:47:38,174.0
2,2026-03-04 15:47:38,36.0
3,2026-03-04 15:47:38,284.0
4,2026-03-04 15:47:38,39.0
5,2026-03-04 15:47:38,116.0
6,2026-03-04 15:47:38,18123.63333
7,2026-03-04 15:47:38,0.0
8,2026-03-04 15:47:38,247.77085
9,2026-03-04 15:47:38,14.3
10,2026-03-04 15:47:38,165.0
11,2026-03-04 15:47:38,14.0
12,2026-03-04 15:47:38,0.0
13,2026-03-04 15:47:38,0.51084
14,2026-03-04 15:47:38,0.0
15,2026-03-04 15:47:38,17275.0
16,2026-03-04 15:47:38,25.0
17,2026-03-04 15:47:38,1141.0
18,2026-03-04 15:47:38,15.0
19,2026-03-04 15:47:38,0.0
20,2026-03-04 15:47:38,3.53251
21,2026-03-04 15:47:38,2.0
22,2026-03-04 15:47:38,4608.0
23,2026-03-04 15:47:38,15.0
24,2026-03-04 15:47:38,323.0
1,2026-03-04 16:31:03,174.0
2,2026-03-04 16:31:03,34.0
3,2026-03-04 16:31:03,284.0
4,2026-03-04 16:31:03,40.0
5,2026-03-04 16:31:03,117.0
6,2026-03-04 16:31:03,19790.9
7,2026-03-04 16:31:03,0.0
8,2026-03-04 16:31:03,308.10298
9,2026-03-04 16:31:03,13.79167
10,2026-03-04 16:31:03,160.0
11,2026-03-04 16:31:03,15.0
12,2026-03-04 16:31:03,0.0
13,2026-03-04 16:31:03,0.49383
14,2026-03-04 16:31:03,0.0
15,2026-03-04 16:31:03,16803.0
16,2026-03-04 16:31:03,25.0
17,2026-03-04 16:31:03,1158.0
18,2026-03-04 16:31:03,15.0
19,2026-03-04 16:31:03,0.0
20,2026-03-04 16:31:03,3.57407
21,2026-03-04 16:31:03,2.0
22,2026-03-04 16:31:03,4580.0
23,2026-03-04 16:31:03,15.0
24,2026-03-04 16:31:03,324.0
1,2026-03-04 17:59:53,174.0
2,2026-03-04 17:59:53,35.0
3,2026-03-04 17:59:53,284.0
4,2026-03-04 17:59:53,43.0
5,2026-03-04 17:59:53,124.0
6,2026-03-04 17:59:53,19791.11667
7,2026-03-04 17:59:53,0.0
8,2026-03-04 17:59:53,304.58328
9,2026-03-04 17:59:53,13.1
10,2026-03-04 17:59:53,167.0
11,2026-03-04 17:59:53,14.0
12,2026-03-04 17:59:53,0.0
13,2026-03-04 17:59:53,0.5107
14,2026-03-04 17:59:53,0.0
15,2026-03-04 17:59:53,16857.0
16,2026-03-04 17:59:53,25.0
17,2026-03-04 17:59:53,1154.0
18,2026-03-04 17:59:53,15.0
19,2026-03-04 17:59:53,0.0
20,2026-03-04 17:59:53,3.52905
21,2026-03-04 17:59:53,2.0
22,2026-03-04 17:59:53,4625.0
23,2026-03-04 17:59:53,15.0
24,2026-03-04 17:59:53,327.0
1,2026-03-04 19:06:37,176.0
2,2026-03-04 19:06:37,33.0
3,2026-03-04 19:06:37,287.0
4,2026-03-04 19:06:37,46.0
5,2026-03-04 19:06:37,121.0
6,2026-03-04 19:06:37,19791.35
7,2026-03-04 19:06:37,0.0
8,2026-03-04 19:06:37,299.16582
9,2026-03-04 19:06:37,13.3
10,2026-03-04 19:06:37,200.0
11,2026-03-04 19:06:37,13.0
12,2026-03-04 19:06:37,0.0
13,2026-03-04 19:06:37,0.6006
14,2026-03-04 19:06:37,0.0
15,2026-03-04 19:06:37,16973.0
16,2026-03-04 19:06:37,25.0
17,2026-03-04 19:06:37,1183.0
18,2026-03-04 19:06:37,15.0
19,2026-03-04 19:06:37,0.0
20,2026-03-04 19:06:37,3.55255
21,2026-03-04 19:06:37,2.0
22,2026-03-04 19:06:37,4689.0
23,2026-03-04 19:06:37,15.0
24,2026-03-04 19:06:37,333.0
1,2026-03-04 19:49:40,177.0
2,2026-03-04 19:49:40,34.0
3,2026-03-04 19:49:40,285.0
4,2026-03-04 19:49:40,61.0
5,2026-03-04 19:49:40,133.0
6,2026-03-04 19:49:40,18127.68333
7,2026-03-04 19:49:40,0.0
8,2026-03-04 19:49:40,230.91286
9,2026-03-04 19:49:40,11.89167
10,2026-03-04 19:49:40,243.0
11,2026-03-04 19:49:40,12.0
12,2026-03-04 19:49:40,0.0
13,2026-03-04 19:49:40,0.70231
14,2026-03-04 19:49:40,0.0
15,2026-03-04 19:49:40,17579.0
16,2026-03-04 19:49:40,25.0
17,2026-03-04 19:49:40,1215.0
18,2026-03-04 19:49:40,15.0
19,2026-03-04 19:49:40,0.0
20,2026-03-04 19:49:40,3.51156
21,2026-03-04 19:49:40,2.0
22,2026-03-04 19:49:40,4834.0
23,2026-03-04 19:49:40,15.0
24,2026-03-04 19:49:40,346.0
1,2026-03-04 20:23:08,178.0
2,2026-03-04 20:23:08,34.0
3,2026-03-04 20:23:08,287.0
4,2026-03-04 20:23:08,63.0
5,2026-03-04 20:23:08,138.0
6,2026-03-04 20:23:08,19791.58333
7,2026-03-04 20:23:08,0.0
8,2026-03-04 20:23:08,285.23257
9,2026-03-04 20:23:08,11.64167
10,2026-03-04 20:23:08,261.0
11,2026-03-04 20:23:08,13.0
12,2026-03-04 20:23:08,0.0
13,2026-03-04 20:23:08,0.74571
14,2026-03-04 20:23:08,0.0
15,2026-03-04 20:23:08,17454.0
16,2026-03-04 20:23:08,25.0
17,2026-03-04 20:23:08,1253.0
18,2026-03-04 20:23:08,15.0
19,2026-03-04 20:23:08,0.0
20,2026-03-04 20:23:08,3.58
21,2026-03-04 20:23:08,2.0
22,2026-03-04 20:23:08,4898.0
23,2026-03-04 20:23:08,15.0
24,2026-03-04 20:23:08,350.0
1,2026-03-04 20:58:08,177.0
2,2026-03-04 20:58:08,34.0
3,2026-03-04 20:58:08,286.0
4,2026-03-04 20:58:08,62.0
5,2026-03-04 20:58:08,138.0
6,2026-03-04 20:58:08,18128.81667
7,2026-03-04 20:58:08,0.0
8,2026-03-04 20:58:08,229.90517
9,2026-03-04 20:58:08,11.7
10,2026-03-04 20:58:08,241.0
11,2026-03-04 20:58:08,12.0
12,2026-03-04 20:58:08,0.0
13,2026-03-04 20:58:08,0.69253
14,2026-03-04 20:58:08,0.0
15,2026-03-04 20:58:08,17344.0
16,2026-03-04 20:58:08,25.0
17,2026-03-04 20:58:08,1237.0
18,2026-03-04 20:58:08,15.0
19,2026-03-04 20:58:08,0.0
20,2026-03-04 20:58:08,3.5546
21,2026-03-04 20:58:08,2.0
22,2026-03-04 20:58:08,4930.0
23,2026-03-04 20:58:08,15.0
24,2026-03-04 20:58:08,348.0
1,2026-03-04 21:35:15,176.0
2,2026-03-04 21:35:15,33.0
3,2026-03-04 21:35:15,287.0
4,2026-03-04 21:35:15,53.0
5,2026-03-04 21:35:15,132.0
6,2026-03-04 21:35:15,18129.45
7,2026-03-04 21:35:15,0.0
8,2026-03-04 21:35:15,235.49436
9,2026-03-04 21:35:15,12.76667
10,2026-03-04 21:35:15,209.0
11,2026-03-04 21:35:15,11.0
12,2026-03-04 21:35:15,0.0
13,2026-03-04 21:35:15,0.61471
14,2026-03-04 21:35:15,0.0
15,2026-03-04 21:35:15,17246.0
16,2026-03-04 21:35:15,25.0
17,2026-03-04 21:35:15,1214.0
18,2026-03-04 21:35:15,15.0
19,2026-03-04 21:35:15,0.0
20,2026-03-04 21:35:15,3.57059
21,2026-03-04 21:35:15,2.0
22,2026-03-04 21:35:15,4843.0
23,2026-03-04 21:35:15,15.0
24,2026-03-04 21:35:15,340.0
1,2026-03-04 22:02:44,176.0
2,2026-03-04 22:02:44,34.0
3,2026-03-04 22:02:44,287.0
4,2026-03-04 22:02:44,52.0
5,2026-03-04 22:02:44,132.0
6,2026-03-04 22:02:44,18129.9
7,2026-03-04 22:02:44,0.0
8,2026-03-04 22:02:44,236.68786
9,2026-03-04 22:02:44,13.0
10,2026-03-04 22:02:44,198.0
11,2026-03-04 22:02:44,10.0
12,2026-03-04 22:02:44,0.0
13,2026-03-04 22:02:44,0.58407
14,2026-03-04 22:02:44,0.0
15,2026-03-04 22:02:44,17221.0
16,2026-03-04 22:02:44,25.0
17,2026-03-04 22:02:44,1207.0
18,2026-03-04 22:02:44,15.0
19,2026-03-04 22:02:44,0.0
20,2026-03-04 22:02:44,3.56047
21,2026-03-04 22:02:44,2.0
22,2026-03-04 22:02:44,4829.0
23,2026-03-04 22:02:44,15.0
24,2026-03-04 22:02:44,339.0
1,2026-03-04 22:48:48,175.0
2,2026-03-04 22:48:48,32.0
3,2026-03-04 22:48:48,284.0
4,2026-03-04 22:48:48,37.0
5,2026-03-04 22:48:48,115.0
6,2026-03-04 22:48:48,18130.66667
7,2026-03-04 22:48:48,0.0
8,2026-03-04 22:48:48,249.02056
9,2026-03-04 22:48:48,13.73333
10,2026-03-04 22:48:48,151.0
11,2026-03-04 22:48:48,9.0
12,2026-03-04 22:48:48,0.0
13,2026-03-04 22:48:48,0.4704
14,2026-03-04 22:48:48,0.0
15,2026-03-04 22:48:48,16862.0
16,2026-03-04 22:48:48,25.0
17,2026-03-04 22:48:48,1149.0
18,2026-03-04 22:48:48,15.0
19,2026-03-04 22:48:48,0.0
20,2026-03-04 22:48:48,3.57944
21,2026-03-04 22:48:48,2.0
22,2026-03-04 22:48:48,4600.0
23,2026-03-04 22:48:48,15.0
24,2026-03-04 22:48:48,321.0
1,2026-03-04 23:17:52,176.0
2,2026-03-04 23:17:52,32.0
3,2026-03-04 23:17:52,286.0
4,2026-03-04 23:17:52,35.0
5,2026-03-04 23:17:52,116.0
6,2026-03-04 23:17:52,19792.03333
7,2026-03-04 23:17:52,0.0
8,2026-03-04 23:17:52,310.7283
9,2026-03-04 23:17:52,14.21667
10,2026-03-04 23:17:52,135.0
11,2026-03-04 23:17:52,8.0
12,2026-03-04 23:17:52,0.0
13,2026-03-04 23:17:52,0.42056
14,2026-03-04 23:17:52,0.0
15,2026-03-04 23:17:52,16924.0
16,2026-03-04 23:17:52,25.0
17,2026-03-04 23:17:52,1144.0
18,2026-03-04 23:17:52,15.0
19,2026-03-04 23:17:52,0.0
20,2026-03-04 23:17:52,3.56386
21,2026-03-04 23:17:52,2.0
22,2026-03-04 23:17:52,4629.0
23,2026-03-04 23:17:52,15.0
24,2026-03-04 23:17:52,321.0
1,2026-03-04 23:49:21,173.0
2,2026-03-04 23:49:21,33.0
3,2026-03-04 23:49:21,284.0
4,2026-03-04 23:49:21,30.0
5,2026-03-04 23:49:21,111.0
6,2026-03-04 23:49:21,18131.68333
7,2026-03-04 23:49:21,0.0
8,2026-03-04 23:49:21,254.75191
9,2026-03-04 23:49:21,14.825
10,2026-03-04 23:49:21,118.0
11,2026-03-04 23:49:21,8.0
12,2026-03-04 23:49:21,0.0
13,2026-03-04 23:49:21,0.3758
14,2026-03-04 23:49:21,0.0
15,2026-03-04 23:49:21,16779.0
16,2026-03-04 23:49:21,25.0
17,2026-03-04 23:49:21,1130.0
18,2026-03-04 23:49:21,15.0
19,2026-03-04 23:49:21,0.0
20,2026-03-04 23:49:21,3.59873
21,2026-03-04 23:49:21,2.0
22,2026-03-04 23:49:21,4544.0
23,2026-03-04 23:49:21,15.0
24,2026-03-04 23:49:21,314.0
1,2026-03-05 00:59:43,174.0
2,2026-03-05 00:59:43,32.0
3,2026-03-05 00:59:43,284.0
4,2026-03-05 00:59:43,31.0
5,2026-03-05 00:59:43,110.0
6,2026-03-05 00:59:43,18132.85
7,2026-03-05 00:59:43,0.0
8,2026-03-05 00:59:43,254.33979
9,2026-03-05 00:59:43,14.9
10,2026-03-05 00:59:43,108.0
11,2026-03-05 00:59:43,9.0
12,2026-03-05 00:59:43,0.0
13,2026-03-05 00:59:43,0.34286
14,2026-03-05 00:59:43,0.0
15,2026-03-05 00:59:43,16868.0
16,2026-03-05 00:59:43,25.0
17,2026-03-05 00:59:43,1139.0
18,2026-03-05 00:59:43,15.0
19,2026-03-05 00:59:43,0.0
20,2026-03-05 00:59:43,3.61587
21,2026-03-05 00:59:43,2.0
22,2026-03-05 00:59:43,4579.0
23,2026-03-05 00:59:43,15.0
24,2026-03-05 00:59:43,315.0
1,2026-03-05 03:31:57,174.0
2,2026-03-05 03:31:57,33.0
3,2026-03-05 03:31:57,283.0
4,2026-03-05 03:31:57,30.0
5,2026-03-05 03:31:57,112.0
6,2026-03-05 03:31:57,18135.38333
7,2026-03-05 03:31:57,0.0
8,2026-03-05 03:31:57,256.53296
9,2026-03-05 03:31:57,14.68333
10,2026-03-05 03:31:57,101.0
11,2026-03-05 03:31:57,7.0
12,2026-03-05 03:31:57,0.0
13,2026-03-05 03:31:57,0.32268
14,2026-03-05 03:31:57,0.0
15,2026-03-05 03:31:57,16688.0
16,2026-03-05 03:31:57,25.0
17,2026-03-05 03:31:57,1124.0
18,2026-03-05 03:31:57,15.0
19,2026-03-05 03:31:57,0.0
20,2026-03-05 03:31:57,3.59105
21,2026-03-05 03:31:57,2.0
22,2026-03-05 03:31:57,4485.0
23,2026-03-05 03:31:57,15.0
24,2026-03-05 03:31:57,313.0
1,2026-03-05 05:06:54,173.0
2,2026-03-05 05:06:54,33.0
3,2026-03-05 05:06:54,284.0
4,2026-03-05 05:06:54,29.0
5,2026-03-05 05:06:54,110.0
6,2026-03-05 05:06:54,18136.96667
7,2026-03-05 05:06:54,0.0
8,2026-03-05 05:06:54,256.72396
9,2026-03-05 05:06:54,14.9
10,2026-03-05 05:06:54,116.0
11,2026-03-05 05:06:54,9.0
12,2026-03-05 05:06:54,0.0
13,2026-03-05 05:06:54,0.37061
14,2026-03-05 05:06:54,0.0
15,2026-03-05 05:06:54,16983.0
16,2026-03-05 05:06:54,25.0
17,2026-03-05 05:06:54,1146.0
18,2026-03-05 05:06:54,15.0
19,2026-03-05 05:06:54,0.0
20,2026-03-05 05:06:54,3.66134
21,2026-03-05 05:06:54,2.0
22,2026-03-05 05:06:54,4510.0
23,2026-03-05 05:06:54,15.0
24,2026-03-05 05:06:54,313.0
1,2026-03-05 06:04:39,173.0
2,2026-03-05 06:04:39,33.0
3,2026-03-05 06:04:39,284.0
4,2026-03-05 06:04:39,25.0
5,2026-03-05 06:04:39,107.0
6,2026-03-05 06:04:39,18137.95
7,2026-03-05 06:04:39,0.0
8,2026-03-05 06:04:39,260.28883
9,2026-03-05 06:04:39,15.5
10,2026-03-05 06:04:39,101.0
11,2026-03-05 06:04:39,8.0
12,2026-03-05 06:04:39,0.0
13,2026-03-05 06:04:39,0.32686
14,2026-03-05 06:04:39,0.0
15,2026-03-05 06:04:39,16638.0
16,2026-03-05 06:04:39,25.0
17,2026-03-05 06:04:39,1135.0
18,2026-03-05 06:04:39,15.0
19,2026-03-05 06:04:39,0.0
20,2026-03-05 06:04:39,3.67314
21,2026-03-05 06:04:39,2.0
22,2026-03-05 06:04:39,4449.0
23,2026-03-05 06:04:39,15.0
24,2026-03-05 06:04:39,309.0
1,2026-03-05 07:11:07,175.0
2,2026-03-05 07:11:07,33.0
3,2026-03-05 07:11:07,287.0
4,2026-03-05 07:11:07,24.0
5,2026-03-05 07:11:07,105.0
6,2026-03-05 07:11:07,19793.4
7,2026-03-05 07:11:07,0.0
8,2026-03-05 07:11:07,322.36581
9,2026-03-05 07:11:07,15.28333
10,2026-03-05 07:11:07,91.0
11,2026-03-05 07:11:07,8.0
12,2026-03-05 07:11:07,0.0
13,2026-03-05 07:11:07,0.2926
14,2026-03-05 07:11:07,0.0
15,2026-03-05 07:11:07,16632.0
16,2026-03-05 07:11:07,25.0
17,2026-03-05 07:11:07,1121.0
18,2026-03-05 07:11:07,15.0
19,2026-03-05 07:11:07,0.0
20,2026-03-05 07:11:07,3.6045
21,2026-03-05 07:11:07,2.0
22,2026-03-05 07:11:07,4488.0
23,2026-03-05 07:11:07,15.0
24,2026-03-05 07:11:07,311.0
1,2026-03-05 07:57:59,175.0
2,2026-03-05 07:57:59,33.0
3,2026-03-05 07:57:59,287.0
4,2026-03-05 07:57:59,19.0
5,2026-03-05 07:57:59,103.0
6,2026-03-05 07:57:59,18139.83333
7,2026-03-05 07:57:59,0.0
8,2026-03-05 07:57:59,262.81596
9,2026-03-05 07:57:59,15.98333
10,2026-03-05 07:57:59,90.0
11,2026-03-05 07:57:59,9.0
12,2026-03-05 07:57:59,0.0
13,2026-03-05 07:57:59,0.29412
14,2026-03-05 07:57:59,0.0
15,2026-03-05 07:57:59,16618.0
16,2026-03-05 07:57:59,25.0
17,2026-03-05 07:57:59,1092.0
18,2026-03-05 07:57:59,15.0
19,2026-03-05 07:57:59,0.0
20,2026-03-05 07:57:59,3.56863
21,2026-03-05 07:57:59,2.0
22,2026-03-05 07:57:59,4431.0
23,2026-03-05 07:57:59,15.0
24,2026-03-05 07:57:59,306.0
1,2026-03-05 08:40:03,175.0
2,2026-03-05 08:40:03,34.0
3,2026-03-05 08:40:03,288.0
4,2026-03-05 08:40:03,24.0
5,2026-03-05 08:40:03,108.0
6,2026-03-05 08:40:03,18140.53333
7,2026-03-05 08:40:03,0.0
8,2026-03-05 08:40:03,257.90636
9,2026-03-05 08:40:03,15.08333
10,2026-03-05 08:40:03,106.0
11,2026-03-05 08:40:03,16.0
12,2026-03-05 08:40:03,0.0
13,2026-03-05 08:40:03,0.33974
14,2026-03-05 08:40:03,0.0
15,2026-03-05 08:40:03,16990.0
16,2026-03-05 08:40:03,25.0
17,2026-03-05 08:40:03,1111.0
18,2026-03-05 08:40:03,15.0
19,2026-03-05 08:40:03,0.0
20,2026-03-05 08:40:03,3.5609
21,2026-03-05 08:40:03,2.0
22,2026-03-05 08:40:03,4496.0
23,2026-03-05 08:40:03,15.0
24,2026-03-05 08:40:03,312.0
1,2026-03-05 09:30:04,174.0
2,2026-03-05 09:30:04,35.0
3,2026-03-05 09:30:04,287.0
4,2026-03-05 09:30:04,23.0
5,2026-03-05 09:30:04,107.0
6,2026-03-05 09:30:04,18141.36667
7,2026-03-05 09:30:04,0.0
8,2026-03-05 09:30:04,259.61247
9,2026-03-05 09:30:04,15.28333
10,2026-03-05 09:30:04,114.0
11,2026-03-05 09:30:04,14.0
12,2026-03-05 09:30:04,0.0
13,2026-03-05 09:30:04,0.36774
14,2026-03-05 09:30:04,0.0
15,2026-03-05 09:30:04,16940.0
16,2026-03-05 09:30:04,25.0
17,2026-03-05 09:30:04,1102.0
18,2026-03-05 09:30:04,15.0
19,2026-03-05 09:30:04,0.0
20,2026-03-05 09:30:04,3.55484
21,2026-03-05 09:30:04,2.0
22,2026-03-05 09:30:04,4467.0
23,2026-03-05 09:30:04,15.0
24,2026-03-05 09:30:04,310.0
1,2026-03-05 10:11:37,175.0
2,2026-03-05 10:11:37,35.0
3,2026-03-05 10:11:37,289.0
4,2026-03-05 10:11:37,26.0
5,2026-03-05 10:11:37,111.0
6,2026-03-05 10:11:37,18142.05
7,2026-03-05 10:11:37,0.0
8,2026-03-05 10:11:37,255.82841
9,2026-03-05 10:11:37,15.1
10,2026-03-05 10:11:37,127.0
11,2026-03-05 10:11:37,18.0
12,2026-03-05 10:11:37,0.0
13,2026-03-05 10:11:37,0.40317
14,2026-03-05 10:11:37,0.0
15,2026-03-05 10:11:37,16989.0
16,2026-03-05 10:11:37,25.0
17,2026-03-05 10:11:37,1120.0
18,2026-03-05 10:11:37,15.0
19,2026-03-05 10:11:37,0.0
20,2026-03-05 10:11:37,3.55556
21,2026-03-05 10:11:37,2.0
22,2026-03-05 10:11:37,4488.0
23,2026-03-05 10:11:37,15.0
24,2026-03-05 10:11:37,315.0
1,2026-03-05 11:01:37,174.0
2,2026-03-05 11:01:37,35.0
3,2026-03-05 11:01:37,289.0
4,2026-03-05 11:01:37,23.0
5,2026-03-05 11:01:37,105.0
6,2026-03-05 11:01:37,19794.08333
7,2026-03-05 11:01:37,0.0
8,2026-03-05 11:01:37,321.85849
9,2026-03-05 11:01:37,16.35
10,2026-03-05 11:01:37,112.0
11,2026-03-05 11:01:37,13.0
12,2026-03-05 11:01:37,0.0
13,2026-03-05 11:01:37,0.35897
14,2026-03-05 11:01:37,0.0
15,2026-03-05 11:01:37,17007.0
16,2026-03-05 11:01:37,25.0
17,2026-03-05 11:01:37,1122.0
18,2026-03-05 11:01:37,15.0
19,2026-03-05 11:01:37,0.0
20,2026-03-05 11:01:37,3.59615
21,2026-03-05 11:01:37,2.0
22,2026-03-05 11:01:37,4496.0
23,2026-03-05 11:01:37,15.0
24,2026-03-05 11:01:37,312.0
1,2026-03-05 11:48:42,176.0
2,2026-03-05 11:48:42,36.0
3,2026-03-05 11:48:42,288.0
4,2026-03-05 11:48:42,29.0
5,2026-03-05 11:48:42,110.0
6,2026-03-05 11:48:42,18143.68333
7,2026-03-05 11:48:42,0.0
8,2026-03-05 11:48:42,254.17093
9,2026-03-05 11:48:42,14.9
10,2026-03-05 11:48:42,123.0
11,2026-03-05 11:48:42,14.0
12,2026-03-05 11:48:42,0.0
13,2026-03-05 11:48:42,0.38801
14,2026-03-05 11:48:42,0.0
15,2026-03-05 11:48:42,17115.0
16,2026-03-05 11:48:42,25.0
17,2026-03-05 11:48:42,1114.0
18,2026-03-05 11:48:42,15.0
19,2026-03-05 11:48:42,0.0
20,2026-03-05 11:48:42,3.5142
21,2026-03-05 11:48:42,2.0
22,2026-03-05 11:48:42,4567.0
23,2026-03-05 11:48:42,15.0
24,2026-03-05 11:48:42,317.0
1,2026-03-05 12:06:37,177.0
2,2026-03-05 12:06:37,37.0
3,2026-03-05 12:06:37,288.0
4,2026-03-05 12:06:37,32.0
5,2026-03-05 12:06:37,113.0
6,2026-03-05 12:06:37,18143.98333
7,2026-03-05 12:06:37,0.0
8,2026-03-05 12:06:37,251.78302
9,2026-03-05 12:06:37,13.775
10,2026-03-05 12:06:37,130.0
11,2026-03-05 12:06:37,13.0
12,2026-03-05 12:06:37,0.0
13,2026-03-05 12:06:37,0.40625
14,2026-03-05 12:06:37,0.0
15,2026-03-05 12:06:37,17148.0
16,2026-03-05 12:06:37,25.0
17,2026-03-05 12:06:37,1116.0
18,2026-03-05 12:06:37,15.0
19,2026-03-05 12:06:37,0.0
20,2026-03-05 12:06:37,3.4875
21,2026-03-05 12:06:37,2.0
22,2026-03-05 12:06:37,4602.0
23,2026-03-05 12:06:37,15.0
24,2026-03-05 12:06:37,320.0
1,2026-03-05 13:25:04,178.0
2,2026-03-05 13:25:04,37.0
3,2026-03-05 13:25:04,288.0
4,2026-03-05 13:25:04,31.0
5,2026-03-05 13:25:04,113.0
6,2026-03-05 13:25:04,18144.38333
7,2026-03-05 13:25:04,0.0
8,2026-03-05 13:25:04,252.44175
9,2026-03-05 13:25:04,14.05
10,2026-03-05 13:25:04,143.0
11,2026-03-05 13:25:04,9.0
12,2026-03-05 13:25:04,0.0
13,2026-03-05 13:25:04,0.44828
14,2026-03-05 13:25:04,0.0
15,2026-03-05 13:25:04,17158.0
16,2026-03-05 13:25:04,25.0
17,2026-03-05 13:25:04,1130.0
18,2026-03-05 13:25:04,15.0
19,2026-03-05 13:25:04,0.0
20,2026-03-05 13:25:04,3.54232
21,2026-03-05 13:25:04,2.0
22,2026-03-05 13:25:04,4605.0
23,2026-03-05 13:25:04,15.0
24,2026-03-05 13:25:04,319.0
1,2026-03-05 14:12:42,176.0
2,2026-03-05 14:12:42,38.0
3,2026-03-05 14:12:42,286.0
4,2026-03-05 14:12:42,33.0
5,2026-03-05 14:12:42,114.0
6,2026-03-05 14:12:42,18145.16667
7,2026-03-05 14:12:42,0.0
8,2026-03-05 14:12:42,252.41944
9,2026-03-05 14:12:42,13.0
10,2026-03-05 14:12:42,153.0
11,2026-03-05 14:12:42,11.0
12,2026-03-05 14:12:42,0.0
13,2026-03-05 14:12:42,0.47962
14,2026-03-05 14:12:42,0.0
15,2026-03-05 14:12:42,17391.0
16,2026-03-05 14:12:42,25.0
17,2026-03-05 14:12:42,1127.0
18,2026-03-05 14:12:42,15.0
19,2026-03-05 14:12:42,0.0
20,2026-03-05 14:12:42,3.53292
21,2026-03-05 14:12:42,2.0
22,2026-03-05 14:12:42,4600.0
23,2026-03-05 14:12:42,15.0
24,2026-03-05 14:12:42,319.0
1,2026-03-05 15:12:47,177.0
2,2026-03-05 15:12:47,37.0
3,2026-03-05 15:12:47,287.0
4,2026-03-05 15:12:47,31.0
5,2026-03-05 15:12:47,113.0
6,2026-03-05 15:12:47,19794.76667
7,2026-03-05 15:12:47,0.0
8,2026-03-05 15:12:47,315.68669
9,2026-03-05 15:12:47,13.35
10,2026-03-05 15:12:47,148.0
11,2026-03-05 15:12:47,12.0
12,2026-03-05 15:12:47,0.0
13,2026-03-05 15:12:47,0.46541
14,2026-03-05 15:12:47,0.0
15,2026-03-05 15:12:47,17387.0
16,2026-03-05 15:12:47,25.0
17,2026-03-05 15:12:47,1139.0
18,2026-03-05 15:12:47,15.0
19,2026-03-05 15:12:47,0.0
20,2026-03-05 15:12:47,3.58176
21,2026-03-05 15:12:47,2.0
22,2026-03-05 15:12:47,4592.0
23,2026-03-05 15:12:47,15.0
24,2026-03-05 15:12:47,318.0
1,2026-03-05 16:03:50,174.0
2,2026-03-05 16:03:50,38.0
3,2026-03-05 16:03:50,286.0
4,2026-03-05 16:03:50,35.0
5,2026-03-05 16:03:50,116.0
6,2026-03-05 16:03:50,18147.01667
7,2026-03-05 16:03:50,0.0
8,2026-03-05 16:03:50,251.14964
9,2026-03-05 16:03:50,12.95
10,2026-03-05 16:03:50,148.0
11,2026-03-05 16:03:50,12.0
12,2026-03-05 16:03:50,0.0
13,2026-03-05 16:03:50,0.46106
14,2026-03-05 16:03:50,0.0
15,2026-03-05 16:03:50,17378.0
16,2026-03-05 16:03:50,25.0
17,2026-03-05 16:03:50,1123.0
18,2026-03-05 16:03:50,15.0
19,2026-03-05 16:03:50,0.0
20,2026-03-05 16:03:50,3.49844
21,2026-03-05 16:03:50,2.0
22,2026-03-05 16:03:50,4591.0
23,2026-03-05 16:03:50,15.0
24,2026-03-05 16:03:50,321.0
1,2026-03-05 18:21:37,177.0
2,2026-03-05 18:21:37,37.0
3,2026-03-05 18:21:37,288.0
4,2026-03-05 18:21:37,47.0
5,2026-03-05 18:21:37,127.0
6,2026-03-05 18:21:37,18149.33333
7,2026-03-05 18:21:37,0.0
8,2026-03-05 18:21:37,241.19303
9,2026-03-05 18:21:37,13.0
10,2026-03-05 18:21:37,191.0
11,2026-03-05 18:21:37,13.0
12,2026-03-05 18:21:37,0.0
13,2026-03-05 18:21:37,0.57015
14,2026-03-05 18:21:37,0.0
15,2026-03-05 18:21:37,17388.0
16,2026-03-05 18:21:37,25.0
17,2026-03-05 18:21:37,1184.0
18,2026-03-05 18:21:37,15.0
19,2026-03-05 18:21:37,0.0
20,2026-03-05 18:21:37,3.53433
21,2026-03-05 18:21:37,2.0
22,2026-03-05 18:21:37,4759.0
23,2026-03-05 18:21:37,15.0
24,2026-03-05 18:21:37,335.0
1,2026-03-05 19:43:39,176.0
2,2026-03-05 19:43:39,36.0
3,2026-03-05 19:43:39,287.0
4,2026-03-05 19:43:39,59.0
5,2026-03-05 19:43:39,135.0
6,2026-03-05 19:43:39,18150.7
7,2026-03-05 19:43:39,0.0
8,2026-03-05 19:43:39,234.40901
9,2026-03-05 19:43:39,12.85833
10,2026-03-05 19:43:39,224.0
11,2026-03-05 19:43:39,13.0
12,2026-03-05 19:43:39,0.0
13,2026-03-05 19:43:39,0.6474
14,2026-03-05 19:43:39,0.0
15,2026-03-05 19:43:39,17634.0
16,2026-03-05 19:43:39,25.0
17,2026-03-05 19:43:39,1189.0
18,2026-03-05 19:43:39,15.0
19,2026-03-05 19:43:39,0.0
20,2026-03-05 19:43:39,3.43642
21,2026-03-05 19:43:39,2.0
22,2026-03-05 19:43:39,4876.0
23,2026-03-05 19:43:39,15.0
24,2026-03-05 19:43:39,346.0
1,2026-03-05 20:21:37,178.0
2,2026-03-05 20:21:37,36.0
3,2026-03-05 20:21:37,288.0
4,2026-03-05 20:21:37,60.0
5,2026-03-05 20:21:37,135.0
6,2026-03-05 20:21:37,19795.66667
7,2026-03-05 20:21:37,0.0
8,2026-03-05 20:21:37,289.69976
9,2026-03-05 20:21:37,12.76667
10,2026-03-05 20:21:37,240.0
11,2026-03-05 20:21:37,10.0
12,2026-03-05 20:21:37,0.0
13,2026-03-05 20:21:37,0.68966
14,2026-03-05 20:21:37,0.0
15,2026-03-05 20:21:37,17730.0
16,2026-03-05 20:21:37,25.0
17,2026-03-05 20:21:37,1217.0
18,2026-03-05 20:21:37,15.0
19,2026-03-05 20:21:37,0.0
20,2026-03-05 20:21:37,3.49713
21,2026-03-05 20:21:37,2.0
22,2026-03-05 20:21:37,4927.0
23,2026-03-05 20:21:37,15.0
24,2026-03-05 20:21:37,348.0
1,2026-03-05 21:03:05,178.0
2,2026-03-05 21:03:05,36.0
3,2026-03-05 21:03:05,288.0
4,2026-03-05 21:03:05,59.0
5,2026-03-05 21:03:05,139.0
6,2026-03-05 21:03:05,18152.01667
7,2026-03-05 21:03:05,0.0
8,2026-03-05 21:03:05,233.65744
9,2026-03-05 21:03:05,12.76667
10,2026-03-05 21:03:05,237.0
11,2026-03-05 21:03:05,9.0
12,2026-03-05 21:03:05,0.0
13,2026-03-05 21:03:05,0.683
14,2026-03-05 21:03:05,0.0
15,2026-03-05 21:03:05,17862.0
16,2026-03-05 21:03:05,25.0
17,2026-03-05 21:03:05,1236.0
18,2026-03-05 21:03:05,15.0
19,2026-03-05 21:03:05,0.0
20,2026-03-05 21:03:05,3.56196
21,2026-03-05 21:03:05,2.0
22,2026-03-05 21:03:05,4976.0
23,2026-03-05 21:03:05,15.0
24,2026-03-05 21:03:05,347.0
1,2026-03-05 21:50:57,176.0
2,2026-03-05 21:50:57,35.0
3,2026-03-05 21:50:57,289.0
4,2026-03-05 21:50:57,51.0
5,2026-03-05 21:50:57,130.0
6,2026-03-05 21:50:57,19795.9
7,2026-03-05 21:50:57,0.0
8,2026-03-05 21:50:57,296.57603
9,2026-03-05 21:50:57,13.925
10,2026-03-05 21:50:57,200.0
11,2026-03-05 21:50:57,10.0
12,2026-03-05 21:50:57,0.0
13,2026-03-05 21:50:57,0.58824
14,2026-03-05 21:50:57,0.0
15,2026-03-05 21:50:57,17373.0
16,2026-03-05 21:50:57,25.0
17,2026-03-05 21:50:57,1220.0
18,2026-03-05 21:50:57,15.0
19,2026-03-05 21:50:57,0.0
20,2026-03-05 21:50:57,3.58824
21,2026-03-05 21:50:57,2.0
22,2026-03-05 21:50:57,4861.0
23,2026-03-05 21:50:57,15.0
24,2026-03-05 21:50:57,340.0
1,2026-03-05 22:16:37,176.0
2,2026-03-05 22:16:37,34.0
3,2026-03-05 22:16:37,286.0
4,2026-03-05 22:16:37,50.0
5,2026-03-05 22:16:37,130.0
6,2026-03-05 22:16:37,18153.23333
7,2026-03-05 22:16:37,0.0
8,2026-03-05 22:16:37,239.93735
9,2026-03-05 22:16:37,14.35
10,2026-03-05 22:16:37,186.0
11,2026-03-05 22:16:37,10.0
12,2026-03-05 22:16:37,0.0
13,2026-03-05 22:16:37,0.55357
14,2026-03-05 22:16:37,0.0
15,2026-03-05 22:16:37,17243.0
16,2026-03-05 22:16:37,25.0
17,2026-03-05 22:16:37,1195.0
18,2026-03-05 22:16:37,15.0
19,2026-03-05 22:16:37,0.0
20,2026-03-05 22:16:37,3.55655
21,2026-03-05 22:16:37,2.0
22,2026-03-05 22:16:37,4810.0
23,2026-03-05 22:16:37,15.0
24,2026-03-05 22:16:37,336.0
1,2026-03-05 23:35:45,177.0
2,2026-03-05 23:35:45,33.0
3,2026-03-05 23:35:45,287.0
4,2026-03-05 23:35:45,30.0
5,2026-03-05 23:35:45,111.0
6,2026-03-05 23:35:45,18154.56667
7,2026-03-05 23:35:45,0.0
8,2026-03-05 23:35:45,254.33586
9,2026-03-05 23:35:45,15.78333
10,2026-03-05 23:35:45,115.0
11,2026-03-05 23:35:45,9.0
12,2026-03-05 23:35:45,0.0
13,2026-03-05 23:35:45,0.36278
14,2026-03-05 23:35:45,0.0
15,2026-03-05 23:35:45,16923.0
16,2026-03-05 23:35:45,25.0
17,2026-03-05 23:35:45,1134.0
18,2026-03-05 23:35:45,15.0
19,2026-03-05 23:35:45,0.0
20,2026-03-05 23:35:45,3.57729
21,2026-03-05 23:35:45,2.0
22,2026-03-05 23:35:45,4581.0
23,2026-03-05 23:35:45,15.0
24,2026-03-05 23:35:45,317.0
1,2026-03-06 00:08:50,177.0
2,2026-03-06 00:08:50,33.0
3,2026-03-06 00:08:50,287.0
4,2026-03-06 00:08:50,30.0
5,2026-03-06 00:08:50,112.0
6,2026-03-06 00:08:50,18155.11667
7,2026-03-06 00:08:50,0.0
8,2026-03-06 00:08:50,254.454
9,2026-03-06 00:08:50,16.01667
10,2026-03-06 00:08:50,114.0
11,2026-03-06 00:08:50,7.0
12,2026-03-06 00:08:50,0.0
13,2026-03-06 00:08:50,0.35962
14,2026-03-06 00:08:50,0.0
15,2026-03-06 00:08:50,16928.0
16,2026-03-06 00:08:50,25.0
17,2026-03-06 00:08:50,1135.0
18,2026-03-06 00:08:50,15.0
19,2026-03-06 00:08:50,0.0
20,2026-03-06 00:08:50,3.58044
21,2026-03-06 00:08:50,2.0
22,2026-03-06 00:08:50,4581.0
23,2026-03-06 00:08:50,15.0
24,2026-03-06 00:08:50,317.0
1,2026-03-06 02:51:37,178.0
2,2026-03-06 02:51:37,33.0
3,2026-03-06 02:51:37,287.0
4,2026-03-06 02:51:37,34.0
5,2026-03-06 02:51:37,116.0
6,2026-03-06 02:51:37,19796.81667
7,2026-03-06 02:51:37,0.0
8,2026-03-06 02:51:37,317.93769
9,2026-03-06 02:51:37,16.56667
10,2026-03-06 02:51:37,104.0
11,2026-03-06 02:51:37,5.0
12,2026-03-06 02:51:37,0.0
13,2026-03-06 02:51:37,0.32399
14,2026-03-06 02:51:37,0.0
15,2026-03-06 02:51:37,17207.0
16,2026-03-06 02:51:37,25.0
17,2026-03-06 02:51:37,1145.0
18,2026-03-06 02:51:37,15.0
19,2026-03-06 02:51:37,0.0
20,2026-03-06 02:51:37,3.56698
21,2026-03-06 02:51:37,2.0
22,2026-03-06 02:51:37,4601.0
23,2026-03-06 02:51:37,15.0
24,2026-03-06 02:51:37,321.0
1,2026-03-06 04:26:37,175.0
2,2026-03-06 04:26:37,34.0
3,2026-03-06 04:26:37,284.0
4,2026-03-06 04:26:37,30.0
5,2026-03-06 04:26:37,110.0
6,2026-03-06 04:26:37,19797.03333
7,2026-03-06 04:26:37,0.0
8,2026-03-06 04:26:37,320.12251
9,2026-03-06 04:26:37,16.13333
10,2026-03-06 04:26:37,97.0
11,2026-03-06 04:26:37,6.0
12,2026-03-06 04:26:37,0.0
13,2026-03-06 04:26:37,0.30892
14,2026-03-06 04:26:37,0.0
15,2026-03-06 04:26:37,17082.0
16,2026-03-06 04:26:37,25.0
17,2026-03-06 04:26:37,1115.0
18,2026-03-06 04:26:37,15.0
19,2026-03-06 04:26:37,0.0
20,2026-03-06 04:26:37,3.55096
21,2026-03-06 04:26:37,2.0
22,2026-03-06 04:26:37,4503.0
23,2026-03-06 04:26:37,15.0
24,2026-03-06 04:26:37,314.0
1,2026-03-06 05:35:08,175.0
2,2026-03-06 05:35:08,35.0
3,2026-03-06 05:35:08,285.0
4,2026-03-06 05:35:08,30.0
5,2026-03-06 05:35:08,112.0
6,2026-03-06 05:35:08,19797.26667
7,2026-03-06 05:35:08,0.0
8,2026-03-06 05:35:08,319.37275
9,2026-03-06 05:35:08,16.01667
10,2026-03-06 05:35:08,92.0
11,2026-03-06 05:35:08,9.0
12,2026-03-06 05:35:08,0.0
13,2026-03-06 05:35:08,0.29206
14,2026-03-06 05:35:08,0.0
15,2026-03-06 05:35:08,17129.0
16,2026-03-06 05:35:08,25.0
17,2026-03-06 05:35:08,1111.0
18,2026-03-06 05:35:08,15.0
19,2026-03-06 05:35:08,0.0
20,2026-03-06 05:35:08,3.52698
21,2026-03-06 05:35:08,2.0
22,2026-03-06 05:35:08,4526.0
23,2026-03-06 05:35:08,15.0
24,2026-03-06 05:35:08,315.0
1,2026-03-06 06:09:50,174.0
2,2026-03-06 06:09:50,33.0
3,2026-03-06 06:09:50,286.0
4,2026-03-06 06:09:50,27.0
5,2026-03-06 06:09:50,108.0
6,2026-03-06 06:09:50,18161.13333
7,2026-03-06 06:09:50,0.0
8,2026-03-06 06:09:50,258.1696
9,2026-03-06 06:09:50,15.7
10,2026-03-06 06:09:50,84.0
11,2026-03-06 06:09:50,9.0
12,2026-03-06 06:09:50,0.0
13,2026-03-06 06:09:50,0.26837
14,2026-03-06 06:09:50,0.0
15,2026-03-06 06:09:50,17153.0
16,2026-03-06 06:09:50,25.0
17,2026-03-06 06:09:50,1083.0
18,2026-03-06 06:09:50,15.0
19,2026-03-06 06:09:50,0.0
20,2026-03-06 06:09:50,3.46006
21,2026-03-06 06:09:50,2.0
22,2026-03-06 06:09:50,4528.0
23,2026-03-06 06:09:50,15.0
24,2026-03-06 06:09:50,313.0
1,2026-03-06 07:12:55,174.0
2,2026-03-06 07:12:55,33.0
3,2026-03-06 07:12:55,287.0
4,2026-03-06 07:12:55,26.0
5,2026-03-06 07:12:55,107.0
6,2026-03-06 07:12:55,18162.18333
7,2026-03-06 07:12:55,0.0
8,2026-03-06 07:12:55,258.37135
9,2026-03-06 07:12:55,15.13333
10,2026-03-06 07:12:55,89.0
11,2026-03-06 07:12:55,7.0
12,2026-03-06 07:12:55,0.0
13,2026-03-06 07:12:55,0.28435
14,2026-03-06 07:12:55,0.0
15,2026-03-06 07:12:55,17044.0
16,2026-03-06 07:12:55,25.0
17,2026-03-06 07:12:55,1087.0
18,2026-03-06 07:12:55,15.0
19,2026-03-06 07:12:55,0.0
20,2026-03-06 07:12:55,3.47284
21,2026-03-06 07:12:55,2.0
22,2026-03-06 07:12:55,4503.0
23,2026-03-06 07:12:55,15.0
24,2026-03-06 07:12:55,313.0
1,2026-03-06 07:56:41,174.0
2,2026-03-06 07:56:41,33.0
3,2026-03-06 07:56:41,287.0
4,2026-03-06 07:56:41,26.0
5,2026-03-06 07:56:41,107.0
6,2026-03-06 07:56:41,18162.93333
7,2026-03-06 07:56:41,0.0
8,2026-03-06 07:56:41,258.34271
9,2026-03-06 07:56:41,14.9
10,2026-03-06 07:56:41,95.0
11,2026-03-06 07:56:41,5.0
12,2026-03-06 07:56:41,0.0
13,2026-03-06 07:56:41,0.30351
14,2026-03-06 07:56:41,0.0
15,2026-03-06 07:56:41,17067.0
16,2026-03-06 07:56:41,25.0
17,2026-03-06 07:56:41,1099.0
18,2026-03-06 07:56:41,15.0
19,2026-03-06 07:56:41,0.0
20,2026-03-06 07:56:41,3.51118
21,2026-03-06 07:56:41,2.0
22,2026-03-06 07:56:41,4516.0
23,2026-03-06 07:56:41,15.0
24,2026-03-06 07:56:41,313.0
1,2026-03-06 08:30:04,175.0
2,2026-03-06 08:30:04,33.0
3,2026-03-06 08:30:04,288.0
4,2026-03-06 08:30:04,28.0
5,2026-03-06 08:30:04,110.0
6,2026-03-06 08:30:04,18163.48333
7,2026-03-06 08:30:04,0.0
8,2026-03-06 08:30:04,255.54235
9,2026-03-06 08:30:04,12.85833
10,2026-03-06 08:30:04,108.0
11,2026-03-06 08:30:04,7.0
12,2026-03-06 08:30:04,0.0
13,2026-03-06 08:30:04,0.34177
14,2026-03-06 08:30:04,0.0
15,2026-03-06 08:30:04,17142.0
16,2026-03-06 08:30:04,25.0
17,2026-03-06 08:30:04,1092.0
18,2026-03-06 08:30:04,15.0
19,2026-03-06 08:30:04,0.0
20,2026-03-06 08:30:04,3.4557
21,2026-03-06 08:30:04,2.0
22,2026-03-06 08:30:04,4561.0
23,2026-03-06 08:30:04,15.0
24,2026-03-06 08:30:04,316.0
1,2026-03-06 09:10:22,174.0
2,2026-03-06 09:10:22,33.0
3,2026-03-06 09:10:22,287.0
4,2026-03-06 09:10:22,28.0
5,2026-03-06 09:10:22,109.0
6,2026-03-06 09:10:22,18164.15
7,2026-03-06 09:10:22,0.0
8,2026-03-06 09:10:22,253.38556
9,2026-03-06 09:10:22,12.95
10,2026-03-06 09:10:22,114.0
11,2026-03-06 09:10:22,10.0
12,2026-03-06 09:10:22,0.0
13,2026-03-06 09:10:22,0.3619
14,2026-03-06 09:10:22,0.0
15,2026-03-06 09:10:22,17147.0
16,2026-03-06 09:10:22,25.0
17,2026-03-06 09:10:22,1086.0
18,2026-03-06 09:10:22,15.0
19,2026-03-06 09:10:22,0.0
20,2026-03-06 09:10:22,3.44762
21,2026-03-06 09:10:22,2.0
22,2026-03-06 09:10:22,4577.0
23,2026-03-06 09:10:22,15.0
24,2026-03-06 09:10:22,315.0
1,2026-03-06 09:58:08,175.0
2,2026-03-06 09:58:08,33.0
3,2026-03-06 09:58:08,289.0
4,2026-03-06 09:58:08,35.0
5,2026-03-06 09:58:08,114.0
6,2026-03-06 09:58:08,18164.95
7,2026-03-06 09:58:08,0.0
8,2026-03-06 09:58:08,248.87608
9,2026-03-06 09:58:08,12.36667
10,2026-03-06 09:58:08,132.0
11,2026-03-06 09:58:08,10.0
12,2026-03-06 09:58:08,0.0
13,2026-03-06 09:58:08,0.40741
14,2026-03-06 09:58:08,0.0
15,2026-03-06 09:58:08,17274.0
16,2026-03-06 09:58:08,25.0
17,2026-03-06 09:58:08,1113.0
18,2026-03-06 09:58:08,15.0
19,2026-03-06 09:58:08,0.0
20,2026-03-06 09:58:08,3.43519
21,2026-03-06 09:58:08,2.0
22,2026-03-06 09:58:08,4652.0
23,2026-03-06 09:58:08,15.0
24,2026-03-06 09:58:08,324.0
1,2026-03-06 10:40:15,176.0
2,2026-03-06 10:40:15,34.0
3,2026-03-06 10:40:15,289.0
4,2026-03-06 10:40:15,31.0
5,2026-03-06 10:40:15,111.0
6,2026-03-06 10:40:15,18165.65
7,2026-03-06 10:40:15,0.0
8,2026-03-06 10:40:15,252.33281
9,2026-03-06 10:40:15,12.975
10,2026-03-06 10:40:15,140.0
11,2026-03-06 10:40:15,10.0
12,2026-03-06 10:40:15,0.0
13,2026-03-06 10:40:15,0.4375
14,2026-03-06 10:40:15,0.0
15,2026-03-06 10:40:15,17393.0
16,2026-03-06 10:40:15,25.0
17,2026-03-06 10:40:15,1121.0
18,2026-03-06 10:40:15,15.0
19,2026-03-06 10:40:15,0.0
20,2026-03-06 10:40:15,3.50312
21,2026-03-06 10:40:15,2.0
22,2026-03-06 10:40:15,4604.0
23,2026-03-06 10:40:15,15.0
24,2026-03-06 10:40:15,320.0
1,2026-03-06 11:10:21,176.0
2,2026-03-06 11:10:21,34.0
3,2026-03-06 11:10:21,289.0
4,2026-03-06 11:10:21,30.0
5,2026-03-06 11:10:21,110.0
6,2026-03-06 11:10:21,18166.15
7,2026-03-06 11:10:21,0.0
8,2026-03-06 11:10:21,253.18103
9,2026-03-06 11:10:21,13.0
10,2026-03-06 11:10:21,131.0
11,2026-03-06 11:10:21,11.0
12,2026-03-06 11:10:21,0.0
13,2026-03-06 11:10:21,0.41066
14,2026-03-06 11:10:21,0.0
15,2026-03-06 11:10:21,17392.0
16,2026-03-06 11:10:21,25.0
17,2026-03-06 11:10:21,1113.0
18,2026-03-06 11:10:21,15.0
19,2026-03-06 11:10:21,0.0
20,2026-03-06 11:10:21,3.48903
21,2026-03-06 11:10:21,2.0
22,2026-03-06 11:10:21,4605.0
23,2026-03-06 11:10:21,15.0
24,2026-03-06 11:10:21,319.0
1,2026-03-06 11:45:04,175.0
2,2026-03-06 11:45:04,34.0
3,2026-03-06 11:45:04,288.0
4,2026-03-06 11:45:04,35.0
5,2026-03-06 11:45:04,114.0
6,2026-03-06 11:45:04,18166.73333
7,2026-03-06 11:45:04,0.0
8,2026-03-06 11:45:04,250.59128
9,2026-03-06 11:45:04,13.0
10,2026-03-06 11:45:04,146.0
11,2026-03-06 11:45:04,14.0
12,2026-03-06 11:45:04,0.0
13,2026-03-06 11:45:04,0.45201
14,2026-03-06 11:45:04,0.0
15,2026-03-06 11:45:04,17462.0
16,2026-03-06 11:45:04,25.0
17,2026-03-06 11:45:04,1148.0
18,2026-03-06 11:45:04,15.0
19,2026-03-06 11:45:04,0.0
20,2026-03-06 11:45:04,3.55418
21,2026-03-06 11:45:04,2.0
22,2026-03-06 11:45:04,4660.0
23,2026-03-06 11:45:04,15.0
24,2026-03-06 11:45:04,323.0
1,2026-03-06 12:05:05,175.0
2,2026-03-06 12:05:05,34.0
3,2026-03-06 12:05:05,288.0
4,2026-03-06 12:05:05,36.0
5,2026-03-06 12:05:05,116.0
6,2026-03-06 12:05:05,18167.06667
7,2026-03-06 12:05:05,0.0
8,2026-03-06 12:05:05,249.81821
9,2026-03-06 12:05:05,12.85833
10,2026-03-06 12:05:05,147.0
11,2026-03-06 12:05:05,14.0
12,2026-03-06 12:05:05,0.0
13,2026-03-06 12:05:05,0.4537
14,2026-03-06 12:05:05,0.0
15,2026-03-06 12:05:05,17474.0
16,2026-03-06 12:05:05,25.0
17,2026-03-06 12:05:05,1147.0
18,2026-03-06 12:05:05,15.0
19,2026-03-06 12:05:05,0.0
20,2026-03-06 12:05:05,3.54012
21,2026-03-06 12:05:05,2.0
22,2026-03-06 12:05:05,4675.0
23,2026-03-06 12:05:05,15.0
24,2026-03-06 12:05:05,324.0
1,2026-03-06 13:19:47,175.0
2,2026-03-06 13:19:47,35.0
3,2026-03-06 13:19:47,288.0
4,2026-03-06 13:19:47,44.0
5,2026-03-06 13:19:47,124.0
6,2026-03-06 13:19:47,18167.91667
7,2026-03-06 13:19:47,0.0
8,2026-03-06 13:19:47,244.14337
9,2026-03-06 13:19:47,11.2
10,2026-03-06 13:19:47,166.0
11,2026-03-06 13:19:47,14.0
12,2026-03-06 13:19:47,0.0
13,2026-03-06 13:19:47,0.5
14,2026-03-06 13:19:47,0.0
15,2026-03-06 13:19:47,17569.0
16,2026-03-06 13:19:47,25.0
17,2026-03-06 13:19:47,1178.0
18,2026-03-06 13:19:47,15.0
19,2026-03-06 13:19:47,0.0
20,2026-03-06 13:19:47,3.54819
21,2026-03-06 13:19:47,2.0
22,2026-03-06 13:19:47,4757.0
23,2026-03-06 13:19:47,15.0
24,2026-03-06 13:19:47,332.0
1,2026-03-06 14:05:49,174.0
2,2026-03-06 14:05:49,38.0
3,2026-03-06 14:05:49,286.0
4,2026-03-06 14:05:49,43.0
5,2026-03-06 14:05:49,121.0
6,2026-03-06 14:05:49,18168.68333
7,2026-03-06 14:05:49,0.0
8,2026-03-06 14:05:49,246.6078
9,2026-03-06 14:05:49,12.06667
10,2026-03-06 14:05:49,170.0
11,2026-03-06 14:05:49,14.0
12,2026-03-06 14:05:49,0.0
13,2026-03-06 14:05:49,0.51672
14,2026-03-06 14:05:49,0.0
15,2026-03-06 14:05:49,17743.0
16,2026-03-06 14:05:49,25.0
17,2026-03-06 14:05:49,1172.0
18,2026-03-06 14:05:49,15.0
19,2026-03-06 14:05:49,0.0
20,2026-03-06 14:05:49,3.56231
21,2026-03-06 14:05:49,2.0
22,2026-03-06 14:05:49,4713.0
23,2026-03-06 14:05:49,15.0
24,2026-03-06 14:05:49,329.0
1,2026-03-06 14:55:03,175.0
2,2026-03-06 14:55:03,36.0
3,2026-03-06 14:55:03,286.0
4,2026-03-06 14:55:03,45.0
5,2026-03-06 14:55:03,123.0
6,2026-03-06 14:55:03,19798.86667
7,2026-03-06 14:55:03,0.0
8,2026-03-06 14:55:03,305.13273
9,2026-03-06 14:55:03,11.96667
10,2026-03-06 14:55:03,184.0
11,2026-03-06 14:55:03,15.0
12,2026-03-06 14:55:03,0.0
13,2026-03-06 14:55:03,0.55589
14,2026-03-06 14:55:03,0.0
15,2026-03-06 14:55:03,17668.0
16,2026-03-06 14:55:03,25.0
17,2026-03-06 14:55:03,1192.0
18,2026-03-06 14:55:03,15.0
19,2026-03-06 14:55:03,0.0
20,2026-03-06 14:55:03,3.60121
21,2026-03-06 14:55:03,2.0
22,2026-03-06 14:55:03,4724.0
23,2026-03-06 14:55:03,15.0
24,2026-03-06 14:55:03,331.0
1,2026-03-06 15:40:03,174.0
2,2026-03-06 15:40:03,36.0
3,2026-03-06 15:40:03,285.0
4,2026-03-06 15:40:03,45.0
5,2026-03-06 15:40:03,119.0
6,2026-03-06 15:40:03,18170.25
7,2026-03-06 15:40:03,0.0
8,2026-03-06 15:40:03,245.8347
9,2026-03-06 15:40:03,11.58333
10,2026-03-06 15:40:03,189.0
11,2026-03-06 15:40:03,11.0
12,2026-03-06 15:40:03,0.0
13,2026-03-06 15:40:03,0.57273
14,2026-03-06 15:40:03,0.0
15,2026-03-06 15:40:03,17389.0
16,2026-03-06 15:40:03,25.0
17,2026-03-06 15:40:03,1164.0
18,2026-03-06 15:40:03,15.0
19,2026-03-06 15:40:03,0.0
20,2026-03-06 15:40:03,3.52727
21,2026-03-06 15:40:03,2.0
22,2026-03-06 15:40:03,4682.0
23,2026-03-06 15:40:03,15.0
24,2026-03-06 15:40:03,330.0
1,2026-03-06 16:11:06,175.0
2,2026-03-06 16:11:06,35.0
3,2026-03-06 16:11:06,286.0
4,2026-03-06 16:11:06,42.0
5,2026-03-06 16:11:06,117.0
6,2026-03-06 16:11:06,19799.08333
7,2026-03-06 16:11:06,0.0
8,2026-03-06 16:11:06,307.81108
9,2026-03-06 16:11:06,12.175
10,2026-03-06 16:11:06,183.0
11,2026-03-06 16:11:06,10.0
12,2026-03-06 16:11:06,0.0
13,2026-03-06 16:11:06,0.55793
14,2026-03-06 16:11:06,0.0
15,2026-03-06 16:11:06,17288.0
16,2026-03-06 16:11:06,25.0
17,2026-03-06 16:11:06,1164.0
18,2026-03-06 16:11:06,15.0
19,2026-03-06 16:11:06,0.0
20,2026-03-06 16:11:06,3.54878
21,2026-03-06 16:11:06,2.0
22,2026-03-06 16:11:06,4657.0
23,2026-03-06 16:11:06,15.0
24,2026-03-06 16:11:06,328.0
1,2026-03-06 16:59:58,175.0
2,2026-03-06 16:59:58,35.0
3,2026-03-06 16:59:58,285.0
4,2026-03-06 16:59:58,47.0
5,2026-03-06 16:59:58,123.0
6,2026-03-06 16:59:58,18171.58333
7,2026-03-06 16:59:58,0.0
8,2026-03-06 16:59:58,244.7636
9,2026-03-06 16:59:58,12.36667
10,2026-03-06 16:59:58,204.0
11,2026-03-06 16:59:58,15.0
12,2026-03-06 16:59:58,0.0
13,2026-03-06 16:59:58,0.61446
14,2026-03-06 16:59:58,0.0
15,2026-03-06 16:59:58,17466.0
16,2026-03-06 16:59:58,25.0
17,2026-03-06 16:59:58,1176.0
18,2026-03-06 16:59:58,15.0
19,2026-03-06 16:59:58,0.0
20,2026-03-06 16:59:58,3.54217
21,2026-03-06 16:59:58,2.0
22,2026-03-06 16:59:58,4718.0
23,2026-03-06 16:59:58,15.0
24,2026-03-06 16:59:58,332.0
1,2026-03-06 17:50:18,175.0
2,2026-03-06 17:50:18,35.0
3,2026-03-06 17:50:18,285.0
4,2026-03-06 17:50:18,53.0
5,2026-03-06 17:50:18,132.0
6,2026-03-06 17:50:18,18172.43333
7,2026-03-06 17:50:18,0.0
8,2026-03-06 17:50:18,240.63417
9,2026-03-06 17:50:18,11.84167
10,2026-03-06 17:50:18,212.0
11,2026-03-06 17:50:18,14.0
12,2026-03-06 17:50:18,0.0
13,2026-03-06 17:50:18,0.62722
14,2026-03-06 17:50:18,0.0
15,2026-03-06 17:50:18,17542.0
16,2026-03-06 17:50:18,25.0
17,2026-03-06 17:50:18,1192.0
18,2026-03-06 17:50:18,15.0
19,2026-03-06 17:50:18,0.0
20,2026-03-06 17:50:18,3.52663
21,2026-03-06 17:50:18,2.0
22,2026-03-06 17:50:18,4815.0
23,2026-03-06 17:50:18,15.0
24,2026-03-06 17:50:18,338.0
1,2026-03-06 18:28:50,175.0
2,2026-03-06 18:28:50,34.0
3,2026-03-06 18:28:50,285.0
4,2026-03-06 18:28:50,56.0
5,2026-03-06 18:28:50,132.0
6,2026-03-06 18:28:50,18173.08333
7,2026-03-06 18:28:50,0.0
8,2026-03-06 18:28:50,239.20645
9,2026-03-06 18:28:50,12.36667
10,2026-03-06 18:28:50,217.0
11,2026-03-06 18:28:50,13.0
12,2026-03-06 18:28:50,0.0
13,2026-03-06 18:28:50,0.63636
14,2026-03-06 18:28:50,0.0
15,2026-03-06 18:28:50,17516.0
16,2026-03-06 18:28:50,25.0
17,2026-03-06 18:28:50,1193.0
18,2026-03-06 18:28:50,15.0
19,2026-03-06 18:28:50,0.0
20,2026-03-06 18:28:50,3.49853
21,2026-03-06 18:28:50,2.0
22,2026-03-06 18:28:50,4840.0
23,2026-03-06 18:28:50,15.0
24,2026-03-06 18:28:50,341.0
1,2026-03-06 19:15:12,176.0
2,2026-03-06 19:15:12,37.0
3,2026-03-06 19:15:12,285.0
4,2026-03-06 19:15:12,64.0
5,2026-03-06 19:15:12,138.0
6,2026-03-06 19:15:12,18173.85
7,2026-03-06 19:15:12,0.0
8,2026-03-06 19:15:12,233.68663
9,2026-03-06 19:15:12,12.25
10,2026-03-06 19:15:12,238.0
11,2026-03-06 19:15:12,12.0
12,2026-03-06 19:15:12,0.0
13,2026-03-06 19:15:12,0.68195
14,2026-03-06 19:15:12,0.0
15,2026-03-06 19:15:12,17702.0
16,2026-03-06 19:15:12,25.0
17,2026-03-06 19:15:12,1236.0
18,2026-03-06 19:15:12,15.0
19,2026-03-06 19:15:12,0.0
20,2026-03-06 19:15:12,3.54155
21,2026-03-06 19:15:12,2.0
22,2026-03-06 19:15:12,4955.0
23,2026-03-06 19:15:12,15.0
24,2026-03-06 19:15:12,349.0
1,2026-03-06 19:51:38,177.0
2,2026-03-06 19:51:38,36.0
3,2026-03-06 19:51:38,285.0
4,2026-03-06 19:51:38,70.0
5,2026-03-06 19:51:38,143.0
6,2026-03-06 19:51:38,18174.45
7,2026-03-06 19:51:38,0.0
8,2026-03-06 19:51:38,229.98648
9,2026-03-06 19:51:38,11.96667
10,2026-03-06 19:51:38,248.0
11,2026-03-06 19:51:38,10.0
12,2026-03-06 19:51:38,0.0
13,2026-03-06 19:51:38,0.69859
14,2026-03-06 19:51:38,0.0
15,2026-03-06 19:51:38,17746.0
16,2026-03-06 19:51:38,25.0
17,2026-03-06 19:51:38,1265.0
18,2026-03-06 19:51:38,15.0
19,2026-03-06 19:51:38,0.0
20,2026-03-06 19:51:38,3.56338
21,2026-03-06 19:51:38,2.0
22,2026-03-06 19:51:38,5014.0
23,2026-03-06 19:51:38,15.0
24,2026-03-06 19:51:38,355.0
1,2026-03-06 20:19:49,178.0
2,2026-03-06 20:19:49,35.0
3,2026-03-06 20:19:49,286.0
4,2026-03-06 20:19:49,77.0
5,2026-03-06 20:19:49,147.0
6,2026-03-06 20:19:49,19799.76667
7,2026-03-06 20:19:49,0.0
8,2026-03-06 20:19:49,280.16033
9,2026-03-06 20:19:49,11.53333
10,2026-03-06 20:19:49,259.0
11,2026-03-06 20:19:49,9.0
12,2026-03-06 20:19:49,0.0
13,2026-03-06 20:19:49,0.7135
14,2026-03-06 20:19:49,0.0
15,2026-03-06 20:19:49,17800.0
16,2026-03-06 20:19:49,25.0
17,2026-03-06 20:19:49,1290.0
18,2026-03-06 20:19:49,15.0
19,2026-03-06 20:19:49,0.0
20,2026-03-06 20:19:49,3.55372
21,2026-03-06 20:19:49,2.0
22,2026-03-06 20:19:49,5083.0
23,2026-03-06 20:19:49,15.0
24,2026-03-06 20:19:49,363.0
1,2026-03-06 20:54:02,178.0
2,2026-03-06 20:54:02,35.0
3,2026-03-06 20:54:02,285.0
4,2026-03-06 20:54:02,79.0
5,2026-03-06 20:54:02,150.0
6,2026-03-06 20:54:02,18175.5
7,2026-03-06 20:54:02,0.0
8,2026-03-06 20:54:02,225.07344
9,2026-03-06 20:54:02,11.125
10,2026-03-06 20:54:02,259.0
11,2026-03-06 20:54:02,9.0
12,2026-03-06 20:54:02,0.0
13,2026-03-06 20:54:02,0.71154
14,2026-03-06 20:54:02,0.0
15,2026-03-06 20:54:02,17858.0
16,2026-03-06 20:54:02,25.0
17,2026-03-06 20:54:02,1298.0
18,2026-03-06 20:54:02,15.0
19,2026-03-06 20:54:02,0.0
20,2026-03-06 20:54:02,3.56593
21,2026-03-06 20:54:02,2.0
22,2026-03-06 20:54:02,5103.0
23,2026-03-06 20:54:02,15.0
24,2026-03-06 20:54:02,364.0
1,2026-03-06 21:22:49,177.0
2,2026-03-06 21:22:49,35.0
3,2026-03-06 21:22:49,284.0
4,2026-03-06 21:22:49,75.0
5,2026-03-06 21:22:49,145.0
6,2026-03-06 21:22:49,18175.96667
7,2026-03-06 21:22:49,0.0
8,2026-03-06 21:22:49,228.2578
9,2026-03-06 21:22:49,11.63333
10,2026-03-06 21:22:49,244.0
11,2026-03-06 21:22:49,8.0
12,2026-03-06 21:22:49,0.0
13,2026-03-06 21:22:49,0.67967
14,2026-03-06 21:22:49,0.0
15,2026-03-06 21:22:49,17792.0
16,2026-03-06 21:22:49,25.0
17,2026-03-06 21:22:49,1267.0
18,2026-03-06 21:22:49,15.0
19,2026-03-06 21:22:49,0.0
20,2026-03-06 21:22:49,3.52925
21,2026-03-06 21:22:49,2.0
22,2026-03-06 21:22:49,5037.0
23,2026-03-06 21:22:49,15.0
24,2026-03-06 21:22:49,359.0
1,2026-03-06 21:52:49,178.0
2,2026-03-06 21:52:49,35.0
3,2026-03-06 21:52:49,284.0
4,2026-03-06 21:52:49,76.0
5,2026-03-06 21:52:49,146.0
6,2026-03-06 21:52:49,18176.46667
7,2026-03-06 21:52:49,0.0
8,2026-03-06 21:52:49,227.32287
9,2026-03-06 21:52:49,11.46667
10,2026-03-06 21:52:49,254.0
11,2026-03-06 21:52:49,7.0
12,2026-03-06 21:52:49,0.0
13,2026-03-06 21:52:49,0.70556
14,2026-03-06 21:52:49,0.0
15,2026-03-06 21:52:49,17928.0
16,2026-03-06 21:52:49,25.0
17,2026-03-06 21:52:49,1284.0
18,2026-03-06 21:52:49,15.0
19,2026-03-06 21:52:49,0.0
20,2026-03-06 21:52:49,3.56667
21,2026-03-06 21:52:49,2.0
22,2026-03-06 21:52:49,5066.0
23,2026-03-06 21:52:49,15.0
24,2026-03-06 21:52:49,360.0
1,2026-03-06 22:16:38,179.0
2,2026-03-06 22:16:38,35.0
3,2026-03-06 22:16:38,284.0
4,2026-03-06 22:16:38,72.0
5,2026-03-06 22:16:38,143.0
6,2026-03-06 22:16:38,18176.88333
7,2026-03-06 22:16:38,0.0
8,2026-03-06 22:16:38,229.82481
9,2026-03-06 22:16:38,11.56667
10,2026-03-06 22:16:38,239.0
11,2026-03-06 22:16:38,8.0
12,2026-03-06 22:16:38,0.0
13,2026-03-06 22:16:38,0.67135
14,2026-03-06 22:16:38,0.0
15,2026-03-06 22:16:38,17812.0
16,2026-03-06 22:16:38,25.0
17,2026-03-06 22:16:38,1273.0
18,2026-03-06 22:16:38,15.0
19,2026-03-06 22:16:38,0.0
20,2026-03-06 22:16:38,3.57584
21,2026-03-06 22:16:38,2.0
22,2026-03-06 22:16:38,5006.0
23,2026-03-06 22:16:38,15.0
24,2026-03-06 22:16:38,356.0
1,2026-03-06 22:55:04,178.0
2,2026-03-06 22:55:04,35.0
3,2026-03-06 22:55:04,284.0
4,2026-03-06 22:55:04,66.0
5,2026-03-06 22:55:04,139.0
6,2026-03-06 22:55:04,19800.21667
7,2026-03-06 22:55:04,0.0
8,2026-03-06 22:55:04,290.25719
9,2026-03-06 22:55:04,12.90833
10,2026-03-06 22:55:04,209.0
11,2026-03-06 22:55:04,8.0
12,2026-03-06 22:55:04,0.0
13,2026-03-06 22:55:04,0.59714
14,2026-03-06 22:55:04,0.0
15,2026-03-06 22:55:04,17578.0
16,2026-03-06 22:55:04,25.0
17,2026-03-06 22:55:04,1246.0
18,2026-03-06 22:55:04,15.0
19,2026-03-06 22:55:04,0.0
20,2026-03-06 22:55:04,3.56
21,2026-03-06 22:55:04,2.0
22,2026-03-06 22:55:04,4954.0
23,2026-03-06 22:55:04,15.0
24,2026-03-06 22:55:04,350.0
1,2026-03-06 23:18:41,177.0
2,2026-03-06 23:18:41,35.0
3,2026-03-06 23:18:41,283.0
4,2026-03-06 23:18:41,61.0
5,2026-03-06 23:18:41,135.0
6,2026-03-06 23:18:41,18177.91667
7,2026-03-06 23:18:41,0.0
8,2026-03-06 23:18:41,237.85959
9,2026-03-06 23:18:41,13.13333
10,2026-03-06 23:18:41,193.0
11,2026-03-06 23:18:41,9.0
12,2026-03-06 23:18:41,0.0
13,2026-03-06 23:18:41,0.56105
14,2026-03-06 23:18:41,0.0
15,2026-03-06 23:18:41,17450.0
16,2026-03-06 23:18:41,25.0
17,2026-03-06 23:18:41,1226.0
18,2026-03-06 23:18:41,15.0
19,2026-03-06 23:18:41,0.0
20,2026-03-06 23:18:41,3.56395
21,2026-03-06 23:18:41,2.0
22,2026-03-06 23:18:41,4892.0
23,2026-03-06 23:18:41,15.0
24,2026-03-06 23:18:41,344.0
1,2026-03-06 23:49:41,175.0
2,2026-03-06 23:49:41,36.0
3,2026-03-06 23:49:41,283.0
4,2026-03-06 23:49:41,57.0
5,2026-03-06 23:49:41,131.0
6,2026-03-06 23:49:41,18178.43333
7,2026-03-06 23:49:41,0.0
8,2026-03-06 23:49:41,240.77167
9,2026-03-06 23:49:41,13.40833
10,2026-03-06 23:49:41,164.0
11,2026-03-06 23:49:41,8.0
12,2026-03-06 23:49:41,0.0
13,2026-03-06 23:49:41,0.48235
14,2026-03-06 23:49:41,0.0
15,2026-03-06 23:49:41,17461.0
16,2026-03-06 23:49:41,25.0
17,2026-03-06 23:49:41,1201.0
18,2026-03-06 23:49:41,15.0
19,2026-03-06 23:49:41,0.0
20,2026-03-06 23:49:41,3.53235
21,2026-03-06 23:49:41,2.0
22,2026-03-06 23:49:41,4845.0
23,2026-03-06 23:49:41,15.0
24,2026-03-06 23:49:41,340.0
1,2026-03-07 00:06:23,175.0
2,2026-03-07 00:06:23,35.0
3,2026-03-07 00:06:23,284.0
4,2026-03-07 00:06:23,49.0
5,2026-03-07 00:06:23,125.0
6,2026-03-07 00:06:23,19800.45
7,2026-03-07 00:06:23,0.0
8,2026-03-07 00:06:23,305.37503
9,2026-03-07 00:06:23,15.03333
10,2026-03-07 00:06:23,152.0
11,2026-03-07 00:06:23,9.0
12,2026-03-07 00:06:23,0.0
13,2026-03-07 00:06:23,0.45646
14,2026-03-07 00:06:23,0.0
15,2026-03-07 00:06:23,17315.0
16,2026-03-07 00:06:23,25.0
17,2026-03-07 00:06:23,1204.0
18,2026-03-07 00:06:23,15.0
19,2026-03-07 00:06:23,0.0
20,2026-03-07 00:06:23,3.61562
21,2026-03-07 00:06:23,2.0
22,2026-03-07 00:06:23,4767.0
23,2026-03-07 00:06:23,15.0
24,2026-03-07 00:06:23,333.0
1,2026-03-07 02:46:38,174.0
2,2026-03-07 02:46:38,35.0
3,2026-03-07 02:46:38,282.0
4,2026-03-07 02:46:38,42.0
5,2026-03-07 02:46:38,118.0
6,2026-03-07 02:46:38,19800.9
7,2026-03-07 02:46:38,0.0
8,2026-03-07 02:46:38,314.27109
9,2026-03-07 02:46:38,16.80833
10,2026-03-07 02:46:38,121.0
11,2026-03-07 02:46:38,6.0
12,2026-03-07 02:46:38,0.0
13,2026-03-07 02:46:38,0.37346
14,2026-03-07 02:46:38,0.0
15,2026-03-07 02:46:38,17041.0
16,2026-03-07 02:46:38,25.0
17,2026-03-07 02:46:38,1168.0
18,2026-03-07 02:46:38,15.0
19,2026-03-07 02:46:38,0.0
20,2026-03-07 02:46:38,3.60494
21,2026-03-07 02:46:38,2.0
22,2026-03-07 02:46:38,4663.0
23,2026-03-07 02:46:38,15.0
24,2026-03-07 02:46:38,324.0
1,2026-03-07 04:20:08,174.0
2,2026-03-07 04:20:08,36.0
3,2026-03-07 04:20:08,282.0
4,2026-03-07 04:20:08,37.0
5,2026-03-07 04:20:08,115.0
6,2026-03-07 04:20:08,19801.13333
7,2026-03-07 04:20:08,0.0
8,2026-03-07 04:20:08,318.80428
9,2026-03-07 04:20:08,15.1
10,2026-03-07 04:20:08,115.0
11,2026-03-07 04:20:08,7.0
12,2026-03-07 04:20:08,0.0
13,2026-03-07 04:20:08,0.3605
14,2026-03-07 04:20:08,0.0
15,2026-03-07 04:20:08,16939.0
16,2026-03-07 04:20:08,25.0
17,2026-03-07 04:20:08,1141.0
18,2026-03-07 04:20:08,15.0
19,2026-03-07 04:20:08,0.0
20,2026-03-07 04:20:08,3.5768
21,2026-03-07 04:20:08,2.0
22,2026-03-07 04:20:08,4583.0
23,2026-03-07 04:20:08,15.0
24,2026-03-07 04:20:08,319.0
1,2026-03-07 05:15:06,173.0
2,2026-03-07 05:15:06,34.0
3,2026-03-07 05:15:06,281.0
4,2026-03-07 05:15:06,39.0
5,2026-03-07 05:15:06,117.0
6,2026-03-07 05:15:06,18183.85
7,2026-03-07 05:15:06,0.0
8,2026-03-07 05:15:06,256.1438
9,2026-03-07 05:15:06,14.78333
10,2026-03-07 05:15:06,119.0
11,2026-03-07 05:15:06,6.0
12,2026-03-07 05:15:06,0.0
13,2026-03-07 05:15:06,0.37188
14,2026-03-07 05:15:06,0.0
15,2026-03-07 05:15:06,16926.0
16,2026-03-07 05:15:06,25.0
17,2026-03-07 05:15:06,1140.0
18,2026-03-07 05:15:06,15.0
19,2026-03-07 05:15:06,0.0
20,2026-03-07 05:15:06,3.5625
21,2026-03-07 05:15:06,2.0
22,2026-03-07 05:15:06,4563.0
23,2026-03-07 05:15:06,15.0
24,2026-03-07 05:15:06,320.0
1,2026-03-07 05:55:58,175.0
2,2026-03-07 05:55:58,34.0
3,2026-03-07 05:55:58,281.0
4,2026-03-07 05:55:58,39.0
5,2026-03-07 05:55:58,116.0
6,2026-03-07 05:55:58,18184.53333
7,2026-03-07 05:55:58,0.0
8,2026-03-07 05:55:58,256.52281
9,2026-03-07 05:55:58,14.89167
10,2026-03-07 05:55:58,122.0
11,2026-03-07 05:55:58,7.0
12,2026-03-07 05:55:58,0.0
13,2026-03-07 05:55:58,0.38125
14,2026-03-07 05:55:58,0.0
15,2026-03-07 05:55:58,16950.0
16,2026-03-07 05:55:58,25.0
17,2026-03-07 05:55:58,1138.0
18,2026-03-07 05:55:58,15.0
19,2026-03-07 05:55:58,0.0
20,2026-03-07 05:55:58,3.55625
21,2026-03-07 05:55:58,2.0
22,2026-03-07 05:55:58,4577.0
23,2026-03-07 05:55:58,15.0
24,2026-03-07 05:55:58,320.0
1,2026-03-07 06:36:38,176.0
2,2026-03-07 06:36:38,33.0
3,2026-03-07 06:36:38,283.0
4,2026-03-07 06:36:38,37.0
5,2026-03-07 06:36:38,115.0
6,2026-03-07 06:36:38,18185.21667
7,2026-03-07 06:36:38,0.0
8,2026-03-07 06:36:38,256.55307
9,2026-03-07 06:36:38,14.89167
10,2026-03-07 06:36:38,125.0
11,2026-03-07 06:36:38,7.0
12,2026-03-07 06:36:38,0.0
13,2026-03-07 06:36:38,0.39062
14,2026-03-07 06:36:38,0.0
15,2026-03-07 06:36:38,16908.0
16,2026-03-07 06:36:38,25.0
17,2026-03-07 06:36:38,1134.0
18,2026-03-07 06:36:38,15.0
19,2026-03-07 06:36:38,0.0
20,2026-03-07 06:36:38,3.54375
21,2026-03-07 06:36:38,2.0
22,2026-03-07 06:36:38,4566.0
23,2026-03-07 06:36:38,15.0
24,2026-03-07 06:36:38,320.0
1,2026-03-07 07:11:55,176.0
2,2026-03-07 07:11:55,35.0
3,2026-03-07 07:11:55,284.0
4,2026-03-07 07:11:55,36.0
5,2026-03-07 07:11:55,114.0
6,2026-03-07 07:11:55,18185.8
7,2026-03-07 07:11:55,0.0
8,2026-03-07 07:11:55,256.50568
9,2026-03-07 07:11:55,14.78333
10,2026-03-07 07:11:55,120.0
11,2026-03-07 07:11:55,7.0
12,2026-03-07 07:11:55,0.0
13,2026-03-07 07:11:55,0.375
14,2026-03-07 07:11:55,0.0
15,2026-03-07 07:11:55,16912.0
16,2026-03-07 07:11:55,25.0
17,2026-03-07 07:11:55,1134.0
18,2026-03-07 07:11:55,15.0
19,2026-03-07 07:11:55,0.0
20,2026-03-07 07:11:55,3.54375
21,2026-03-07 07:11:55,2.0
22,2026-03-07 07:11:55,4577.0
23,2026-03-07 07:11:55,15.0
24,2026-03-07 07:11:55,320.0
1,2026-03-07 07:46:53,176.0
2,2026-03-07 07:46:53,35.0
3,2026-03-07 07:46:53,284.0
4,2026-03-07 07:46:53,34.0
5,2026-03-07 07:46:53,110.0
6,2026-03-07 07:46:53,18186.38333
7,2026-03-07 07:46:53,0.0
8,2026-03-07 07:46:53,258.32846
9,2026-03-07 07:46:53,14.89167
10,2026-03-07 07:46:53,121.0
11,2026-03-07 07:46:53,7.0
12,2026-03-07 07:46:53,0.0
13,2026-03-07 07:46:53,0.3805
14,2026-03-07 07:46:53,0.0
15,2026-03-07 07:46:53,16900.0
16,2026-03-07 07:46:53,25.0
17,2026-03-07 07:46:53,1136.0
18,2026-03-07 07:46:53,15.0
19,2026-03-07 07:46:53,0.0
20,2026-03-07 07:46:53,3.57233
21,2026-03-07 07:46:53,2.0
22,2026-03-07 07:46:53,4559.0
23,2026-03-07 07:46:53,15.0
24,2026-03-07 07:46:53,318.0
1,2026-03-07 08:00:03,175.0
2,2026-03-07 08:00:03,35.0
3,2026-03-07 08:00:03,285.0
4,2026-03-07 08:00:03,33.0
5,2026-03-07 08:00:03,110.0
6,2026-03-07 08:00:03,19801.81667
7,2026-03-07 08:00:03,0.0
8,2026-03-07 08:00:03,320.54591
9,2026-03-07 08:00:03,14.90833
10,2026-03-07 08:00:03,120.0
11,2026-03-07 08:00:03,7.0
12,2026-03-07 08:00:03,0.0
13,2026-03-07 08:00:03,0.37736
14,2026-03-07 08:00:03,0.0
15,2026-03-07 08:00:03,16885.0
16,2026-03-07 08:00:03,25.0
17,2026-03-07 08:00:03,1117.0
18,2026-03-07 08:00:03,15.0
19,2026-03-07 08:00:03,0.0
20,2026-03-07 08:00:03,3.51258
21,2026-03-07 08:00:03,2.0
22,2026-03-07 08:00:03,4554.0
23,2026-03-07 08:00:03,15.0
24,2026-03-07 08:00:03,318.0
1,2026-03-07 08:44:19,174.0
2,2026-03-07 08:44:19,36.0
3,2026-03-07 08:44:19,282.0
4,2026-03-07 08:44:19,39.0
5,2026-03-07 08:44:19,111.0
6,2026-03-07 08:44:19,18187.35
7,2026-03-07 08:44:19,0.0
8,2026-03-07 08:44:19,255.90696
9,2026-03-07 08:44:19,14.56667
10,2026-03-07 08:44:19,140.0
11,2026-03-07 08:44:19,8.0
12,2026-03-07 08:44:19,0.0
13,2026-03-07 08:44:19,0.43614
14,2026-03-07 08:44:19,0.0
15,2026-03-07 08:44:19,17146.0
16,2026-03-07 08:44:19,25.0
17,2026-03-07 08:44:19,1126.0
18,2026-03-07 08:44:19,15.0
19,2026-03-07 08:44:19,0.0
20,2026-03-07 08:44:19,3.50779
21,2026-03-07 08:44:19,2.0
22,2026-03-07 08:44:19,4581.0
23,2026-03-07 08:44:19,15.0
24,2026-03-07 08:44:19,321.0
1,2026-03-07 09:06:38,175.0
2,2026-03-07 09:06:38,36.0
3,2026-03-07 09:06:38,282.0
4,2026-03-07 09:06:38,40.0
5,2026-03-07 09:06:38,114.0
6,2026-03-07 09:06:38,18187.71667
7,2026-03-07 09:06:38,0.0
8,2026-03-07 09:06:38,255.15414
9,2026-03-07 09:06:38,14.075
10,2026-03-07 09:06:38,151.0
11,2026-03-07 09:06:38,8.0
12,2026-03-07 09:06:38,0.0
13,2026-03-07 09:06:38,0.46894
14,2026-03-07 09:06:38,0.0
15,2026-03-07 09:06:38,17155.0
16,2026-03-07 09:06:38,25.0
17,2026-03-07 09:06:38,1135.0
18,2026-03-07 09:06:38,15.0
19,2026-03-07 09:06:38,0.0
20,2026-03-07 09:06:38,3.52484
21,2026-03-07 09:06:38,2.0
22,2026-03-07 09:06:38,4591.0
23,2026-03-07 09:06:38,15.0
24,2026-03-07 09:06:38,322.0
1,2026-03-07 09:41:56,175.0
2,2026-03-07 09:41:56,36.0
3,2026-03-07 09:41:56,284.0
4,2026-03-07 09:41:56,34.0
5,2026-03-07 09:41:56,109.0
6,2026-03-07 09:41:56,18188.3
7,2026-03-07 09:41:56,0.0
8,2026-03-07 09:41:56,258.44376
9,2026-03-07 09:41:56,14.56667
10,2026-03-07 09:41:56,147.0
11,2026-03-07 09:41:56,11.0
12,2026-03-07 09:41:56,0.0
13,2026-03-07 09:41:56,0.46226
14,2026-03-07 09:41:56,0.0
15,2026-03-07 09:41:56,16800.0
16,2026-03-07 09:41:56,25.0
17,2026-03-07 09:41:56,1129.0
18,2026-03-07 09:41:56,15.0
19,2026-03-07 09:41:56,0.0
20,2026-03-07 09:41:56,3.55031
21,2026-03-07 09:41:56,2.0
22,2026-03-07 09:41:56,4524.0
23,2026-03-07 09:41:56,15.0
24,2026-03-07 09:41:56,318.0
1,2026-03-07 10:00:03,176.0
2,2026-03-07 10:00:03,35.0
3,2026-03-07 10:00:03,283.0
4,2026-03-07 10:00:03,34.0
5,2026-03-07 10:00:03,108.0
6,2026-03-07 10:00:03,18188.6
7,2026-03-07 10:00:03,0.0
8,2026-03-07 10:00:03,259.35121
9,2026-03-07 10:00:03,14.75
10,2026-03-07 10:00:03,145.0
11,2026-03-07 10:00:03,11.0
12,2026-03-07 10:00:03,0.0
13,2026-03-07 10:00:03,0.45741
14,2026-03-07 10:00:03,0.0
15,2026-03-07 10:00:03,16817.0
16,2026-03-07 10:00:03,25.0
17,2026-03-07 10:00:03,1135.0
18,2026-03-07 10:00:03,15.0
19,2026-03-07 10:00:03,0.0
20,2026-03-07 10:00:03,3.58044
21,2026-03-07 10:00:03,2.0
22,2026-03-07 10:00:03,4509.0
23,2026-03-07 10:00:03,15.0
24,2026-03-07 10:00:03,317.0
1,2026-03-07 10:36:38,176.0
2,2026-03-07 10:36:38,36.0
3,2026-03-07 10:36:38,284.0
4,2026-03-07 10:36:38,39.0
5,2026-03-07 10:36:38,112.0
6,2026-03-07 10:36:38,18189.21667
7,2026-03-07 10:36:38,0.0
8,2026-03-07 10:36:38,254.79138
9,2026-03-07 10:36:38,14.28333
10,2026-03-07 10:36:38,157.0
11,2026-03-07 10:36:38,12.0
12,2026-03-07 10:36:38,0.0
13,2026-03-07 10:36:38,0.48607
14,2026-03-07 10:36:38,0.0
15,2026-03-07 10:36:38,16925.0
16,2026-03-07 10:36:38,25.0
17,2026-03-07 10:36:38,1168.0
18,2026-03-07 10:36:38,15.0
19,2026-03-07 10:36:38,0.0
20,2026-03-07 10:36:38,3.6161
21,2026-03-07 10:36:38,2.0
22,2026-03-07 10:36:38,4609.0
23,2026-03-07 10:36:38,15.0
24,2026-03-07 10:36:38,323.0
1,2026-03-07 10:53:40,176.0
2,2026-03-07 10:53:40,36.0
3,2026-03-07 10:53:40,282.0
4,2026-03-07 10:53:40,41.0
5,2026-03-07 10:53:40,110.0
6,2026-03-07 10:53:40,19802.26667
7,2026-03-07 10:53:40,0.0
8,2026-03-07 10:53:40,313.18292
9,2026-03-07 10:53:40,14.68333
10,2026-03-07 10:53:40,156.0
11,2026-03-07 10:53:40,15.0
12,2026-03-07 10:53:40,0.0
13,2026-03-07 10:53:40,0.48297
14,2026-03-07 10:53:40,0.0
15,2026-03-07 10:53:40,16956.0
16,2026-03-07 10:53:40,25.0
17,2026-03-07 10:53:40,1176.0
18,2026-03-07 10:53:40,15.0
19,2026-03-07 10:53:40,0.0
20,2026-03-07 10:53:40,3.64087
21,2026-03-07 10:53:40,2.0
22,2026-03-07 10:53:40,4600.0
23,2026-03-07 10:53:40,15.0
24,2026-03-07 10:53:40,323.0
1,2026-03-07 11:21:38,176.0
2,2026-03-07 11:21:38,35.0
3,2026-03-07 11:21:38,282.0
4,2026-03-07 11:21:38,42.0
5,2026-03-07 11:21:38,114.0
6,2026-03-07 11:21:38,18189.96667
7,2026-03-07 11:21:38,0.0
8,2026-03-07 11:21:38,251.39486
9,2026-03-07 11:21:38,13.88333
10,2026-03-07 11:21:38,170.0
11,2026-03-07 11:21:38,15.0
12,2026-03-07 11:21:38,0.0
13,2026-03-07 11:21:38,0.52469
14,2026-03-07 11:21:38,0.0
15,2026-03-07 11:21:38,17015.0
16,2026-03-07 11:21:38,25.0
17,2026-03-07 11:21:38,1171.0
18,2026-03-07 11:21:38,15.0
19,2026-03-07 11:21:38,0.0
20,2026-03-07 11:21:38,3.6142
21,2026-03-07 11:21:38,2.0
22,2026-03-07 11:21:38,4646.0
23,2026-03-07 11:21:38,15.0
24,2026-03-07 11:21:38,324.0
1,2026-03-07 11:40:03,176.0
2,2026-03-07 11:40:03,35.0
3,2026-03-07 11:40:03,282.0
4,2026-03-07 11:40:03,46.0
5,2026-03-07 11:40:03,118.0
6,2026-03-07 11:40:03,18190.26667
7,2026-03-07 11:40:03,0.0
8,2026-03-07 11:40:03,248.55071
9,2026-03-07 11:40:03,13.525
10,2026-03-07 11:40:03,173.0
11,2026-03-07 11:40:03,11.0
12,2026-03-07 11:40:03,0.0
13,2026-03-07 11:40:03,0.52744
14,2026-03-07 11:40:03,0.0
15,2026-03-07 11:40:03,17105.0
16,2026-03-07 11:40:03,25.0
17,2026-03-07 11:40:03,1183.0
18,2026-03-07 11:40:03,15.0
19,2026-03-07 11:40:03,0.0
20,2026-03-07 11:40:03,3.60671
21,2026-03-07 11:40:03,2.0
22,2026-03-07 11:40:03,4701.0
23,2026-03-07 11:40:03,15.0
24,2026-03-07 11:40:03,328.0
1,2026-03-07 11:58:11,175.0
2,2026-03-07 11:58:11,35.0
3,2026-03-07 11:58:11,283.0
4,2026-03-07 11:58:11,50.0
5,2026-03-07 11:58:11,119.0
6,2026-03-07 11:58:11,19802.5
7,2026-03-07 11:58:11,0.0
8,2026-03-07 11:58:11,304.43008
9,2026-03-07 11:58:11,13.45
10,2026-03-07 11:58:11,176.0
11,2026-03-07 11:58:11,10.0
12,2026-03-07 11:58:11,0.0
13,2026-03-07 11:58:11,0.52853
14,2026-03-07 11:58:11,0.0
15,2026-03-07 11:58:11,17442.0
16,2026-03-07 11:58:11,25.0
17,2026-03-07 11:58:11,1196.0
18,2026-03-07 11:58:11,15.0
19,2026-03-07 11:58:11,0.0
20,2026-03-07 11:58:11,3.59159
21,2026-03-07 11:58:11,2.0
22,2026-03-07 11:58:11,4776.0
23,2026-03-07 11:58:11,15.0
24,2026-03-07 11:58:11,333.0
1,2026-03-07 12:42:47,172.0
2,2026-03-07 12:42:47,34.0
3,2026-03-07 12:42:47,282.0
4,2026-03-07 12:42:47,54.0
5,2026-03-07 12:42:47,125.0
6,2026-03-07 12:42:47,18188.71667
7,2026-03-07 12:42:47,0.0
8,2026-03-07 12:42:47,242.95848
9,2026-03-07 12:42:47,12.50833
10,2026-03-07 12:42:47,191.0
11,2026-03-07 12:42:47,10.0
12,2026-03-07 12:42:47,0.0
13,2026-03-07 12:42:47,0.56845
14,2026-03-07 12:42:47,0.0
15,2026-03-07 12:42:47,17462.0
16,2026-03-07 12:42:47,25.0
17,2026-03-07 12:42:47,1174.0
18,2026-03-07 12:42:47,15.0
19,2026-03-07 12:42:47,0.0
20,2026-03-07 12:42:47,3.49405
21,2026-03-07 12:42:47,2.0
22,2026-03-07 12:42:47,4786.0
23,2026-03-07 12:42:47,15.0
24,2026-03-07 12:42:47,336.0
1,2026-03-07 13:26:38,173.0
2,2026-03-07 13:26:38,34.0
3,2026-03-07 13:26:38,282.0
4,2026-03-07 13:26:38,56.0
5,2026-03-07 13:26:38,126.0
6,2026-03-07 13:26:38,19802.73333
7,2026-03-07 13:26:38,0.0
8,2026-03-07 13:26:38,300.24349
9,2026-03-07 13:26:38,11.70833
10,2026-03-07 13:26:38,197.0
11,2026-03-07 13:26:38,10.0
12,2026-03-07 13:26:38,0.0
13,2026-03-07 13:26:38,0.58284
14,2026-03-07 13:26:38,0.0
15,2026-03-07 13:26:38,17692.0
16,2026-03-07 13:26:38,25.0
17,2026-03-07 13:26:38,1199.0
18,2026-03-07 13:26:38,15.0
19,2026-03-07 13:26:38,0.0
20,2026-03-07 13:26:38,3.54734
21,2026-03-07 13:26:38,2.0
22,2026-03-07 13:26:38,4808.0
23,2026-03-07 13:26:38,15.0
24,2026-03-07 13:26:38,338.0
1,2026-03-07 13:56:38,172.0
2,2026-03-07 13:56:38,36.0
3,2026-03-07 13:56:38,282.0
4,2026-03-07 13:56:38,61.0
5,2026-03-07 13:56:38,129.0
6,2026-03-07 13:56:38,18189.95
7,2026-03-07 13:56:38,0.0
8,2026-03-07 13:56:38,238.43052
9,2026-03-07 13:56:38,11.1
10,2026-03-07 13:56:38,225.0
11,2026-03-07 13:56:38,12.0
12,2026-03-07 13:56:38,0.0
13,2026-03-07 13:56:38,0.65598
14,2026-03-07 13:56:38,0.0
15,2026-03-07 13:56:38,18426.0
16,2026-03-07 13:56:38,25.0
17,2026-03-07 13:56:38,1215.0
18,2026-03-07 13:56:38,15.0
19,2026-03-07 13:56:38,0.0
20,2026-03-07 13:56:38,3.54227
21,2026-03-07 13:56:38,2.0
22,2026-03-07 13:56:38,4869.0
23,2026-03-07 13:56:38,15.0
24,2026-03-07 13:56:38,343.0
1,2026-03-07 14:30:03,171.0
2,2026-03-07 14:30:03,36.0
3,2026-03-07 14:30:03,281.0
4,2026-03-07 14:30:03,61.0
5,2026-03-07 14:30:03,129.0
6,2026-03-07 14:30:03,18190.5
7,2026-03-07 14:30:03,0.0
8,2026-03-07 14:30:03,238.77758
9,2026-03-07 14:30:03,11.05
10,2026-03-07 14:30:03,228.0
11,2026-03-07 14:30:03,12.0
12,2026-03-07 14:30:03,0.0
13,2026-03-07 14:30:03,0.66667
14,2026-03-07 14:30:03,0.0
15,2026-03-07 14:30:03,17911.0
16,2026-03-07 14:30:03,25.0
17,2026-03-07 14:30:03,1236.0
18,2026-03-07 14:30:03,15.0
19,2026-03-07 14:30:03,0.0
20,2026-03-07 14:30:03,3.61404
21,2026-03-07 14:30:03,2.0
22,2026-03-07 14:30:03,4860.0
23,2026-03-07 14:30:03,15.0
24,2026-03-07 14:30:03,342.0
1,2026-03-07 14:53:26,172.0
2,2026-03-07 14:53:26,36.0
3,2026-03-07 14:53:26,282.0
4,2026-03-07 14:53:26,55.0
5,2026-03-07 14:53:26,124.0
6,2026-03-07 14:53:26,19802.95
7,2026-03-07 14:53:26,0.0
8,2026-03-07 14:53:26,301.26202
9,2026-03-07 14:53:26,11.65
10,2026-03-07 14:53:26,217.0
11,2026-03-07 14:53:26,12.0
12,2026-03-07 14:53:26,0.0
13,2026-03-07 14:53:26,0.64392
14,2026-03-07 14:53:26,0.0
15,2026-03-07 14:53:26,17629.0
16,2026-03-07 14:53:26,25.0
17,2026-03-07 14:53:26,1241.0
18,2026-03-07 14:53:26,15.0
19,2026-03-07 14:53:26,0.0
20,2026-03-07 14:53:26,3.68249
21,2026-03-07 14:53:26,2.0
22,2026-03-07 14:53:26,4793.0
23,2026-03-07 14:53:26,15.0
24,2026-03-07 14:53:26,337.0
1,2026-03-07 15:16:38,171.0
2,2026-03-07 15:16:38,38.0
3,2026-03-07 15:16:38,281.0
4,2026-03-07 15:16:38,51.0
5,2026-03-07 15:16:38,121.0
6,2026-03-07 15:16:38,18191.28333
7,2026-03-07 15:16:38,0.0
8,2026-03-07 15:16:38,246.15673
9,2026-03-07 15:16:38,11.95833
10,2026-03-07 15:16:38,201.0
11,2026-03-07 15:16:38,14.0
12,2026-03-07 15:16:38,0.0
13,2026-03-07 15:16:38,0.60542
14,2026-03-07 15:16:38,0.0
15,2026-03-07 15:16:38,17624.0
16,2026-03-07 15:16:38,25.0
17,2026-03-07 15:16:38,1227.0
18,2026-03-07 15:16:38,15.0
19,2026-03-07 15:16:38,0.0
20,2026-03-07 15:16:38,3.69578
21,2026-03-07 15:16:38,2.0
22,2026-03-07 15:16:38,4767.0
23,2026-03-07 15:16:38,15.0
24,2026-03-07 15:16:38,332.0
1,2026-03-07 15:41:38,173.0
2,2026-03-07 15:41:38,35.0
3,2026-03-07 15:41:38,281.0
4,2026-03-07 15:41:38,52.0
5,2026-03-07 15:41:38,122.0
6,2026-03-07 15:41:38,18191.7
7,2026-03-07 15:41:38,0.0
8,2026-03-07 15:41:38,245.57838
9,2026-03-07 15:41:38,12.06667
10,2026-03-07 15:41:38,201.0
11,2026-03-07 15:41:38,14.0
12,2026-03-07 15:41:38,0.0
13,2026-03-07 15:41:38,0.6036
14,2026-03-07 15:41:38,0.0
15,2026-03-07 15:41:38,17624.0
16,2026-03-07 15:41:38,25.0
17,2026-03-07 15:41:38,1231.0
18,2026-03-07 15:41:38,15.0
19,2026-03-07 15:41:38,0.0
20,2026-03-07 15:41:38,3.6967
21,2026-03-07 15:41:38,2.0
22,2026-03-07 15:41:38,4766.0
23,2026-03-07 15:41:38,15.0
24,2026-03-07 15:41:38,333.0
1,2026-03-07 16:00:04,175.0
2,2026-03-07 16:00:04,35.0
3,2026-03-07 16:00:04,282.0
4,2026-03-07 16:00:04,51.0
5,2026-03-07 16:00:04,122.0
6,2026-03-07 16:00:04,19803.18333
7,2026-03-07 16:00:04,0.0
8,2026-03-07 16:00:04,305.07998
9,2026-03-07 16:00:04,11.96667
10,2026-03-07 16:00:04,198.0
11,2026-03-07 16:00:04,14.0
12,2026-03-07 16:00:04,0.0
13,2026-03-07 16:00:04,0.59459
14,2026-03-07 16:00:04,0.0
15,2026-03-07 16:00:04,17595.0
16,2026-03-07 16:00:04,25.0
17,2026-03-07 16:00:04,1229.0
18,2026-03-07 16:00:04,15.0
19,2026-03-07 16:00:04,0.0
20,2026-03-07 16:00:04,3.69069
21,2026-03-07 16:00:04,2.0
22,2026-03-07 16:00:04,4746.0
23,2026-03-07 16:00:04,15.0
24,2026-03-07 16:00:04,333.0
1,2026-03-07 16:40:04,173.0
2,2026-03-07 16:40:04,35.0
3,2026-03-07 16:40:04,280.0
4,2026-03-07 16:40:04,52.0
5,2026-03-07 16:40:04,125.0
6,2026-03-07 16:40:04,18192.66667
7,2026-03-07 16:40:04,0.0
8,2026-03-07 16:40:04,246.44839
9,2026-03-07 16:40:04,12.58333
10,2026-03-07 16:40:04,210.0
11,2026-03-07 16:40:04,14.0
12,2026-03-07 16:40:04,0.0
13,2026-03-07 16:40:04,0.63253
14,2026-03-07 16:40:04,0.0
15,2026-03-07 16:40:04,17551.0
16,2026-03-07 16:40:04,25.0
17,2026-03-07 16:40:04,1247.0
18,2026-03-07 16:40:04,15.0
19,2026-03-07 16:40:04,0.0
20,2026-03-07 16:40:04,3.75602
21,2026-03-07 16:40:04,2.0
22,2026-03-07 16:40:04,4714.0
23,2026-03-07 16:40:04,15.0
24,2026-03-07 16:40:04,332.0
1,2026-03-07 17:01:39,172.0
2,2026-03-07 17:01:39,35.0
3,2026-03-07 17:01:39,279.0
4,2026-03-07 17:01:39,51.0
5,2026-03-07 17:01:39,123.0
6,2026-03-07 17:01:39,18193.03333
7,2026-03-07 17:01:39,0.0
8,2026-03-07 17:01:39,247.96202
9,2026-03-07 17:01:39,12.85
10,2026-03-07 17:01:39,203.0
11,2026-03-07 17:01:39,10.0
12,2026-03-07 17:01:39,0.0
13,2026-03-07 17:01:39,0.61515
14,2026-03-07 17:01:39,0.0
15,2026-03-07 17:01:39,17543.0
16,2026-03-07 17:01:39,25.0
17,2026-03-07 17:01:39,1233.0
18,2026-03-07 17:01:39,15.0
19,2026-03-07 17:01:39,0.0
20,2026-03-07 17:01:39,3.73636
21,2026-03-07 17:01:39,2.0
22,2026-03-07 17:01:39,4672.0
23,2026-03-07 17:01:39,15.0
24,2026-03-07 17:01:39,330.0
1,2026-03-07 17:29:48,173.0
2,2026-03-07 17:29:48,38.0
3,2026-03-07 17:29:48,279.0
4,2026-03-07 17:29:48,57.0
5,2026-03-07 17:29:48,126.0
6,2026-03-07 17:29:48,19803.41667
7,2026-03-07 17:29:48,0.0
8,2026-03-07 17:29:48,302.07887
9,2026-03-07 17:29:48,11.675
10,2026-03-07 17:29:48,220.0
11,2026-03-07 17:29:48,9.0
12,2026-03-07 17:29:48,0.0
13,2026-03-07 17:29:48,0.65476
14,2026-03-07 17:29:48,0.0
15,2026-03-07 17:29:48,17644.0
16,2026-03-07 17:29:48,25.0
17,2026-03-07 17:29:48,1256.0
18,2026-03-07 17:29:48,15.0
19,2026-03-07 17:29:48,0.0
20,2026-03-07 17:29:48,3.7381
21,2026-03-07 17:29:48,2.0
22,2026-03-07 17:29:48,4761.0
23,2026-03-07 17:29:48,15.0
24,2026-03-07 17:29:48,336.0
1,2026-03-07 17:49:33,173.0
2,2026-03-07 17:49:33,37.0
3,2026-03-07 17:49:33,280.0
4,2026-03-07 17:49:33,63.0
5,2026-03-07 17:49:33,135.0
6,2026-03-07 17:49:33,18193.83333
7,2026-03-07 17:49:33,0.0
8,2026-03-07 17:49:33,238.41278
9,2026-03-07 17:49:33,11.1
10,2026-03-07 17:49:33,240.0
11,2026-03-07 17:49:33,11.0
12,2026-03-07 17:49:33,0.0
13,2026-03-07 17:49:33,0.69971
14,2026-03-07 17:49:33,0.0
15,2026-03-07 17:49:33,17767.0
16,2026-03-07 17:49:33,25.0
17,2026-03-07 17:49:33,1259.0
18,2026-03-07 17:49:33,15.0
19,2026-03-07 17:49:33,0.0
20,2026-03-07 17:49:33,3.67055
21,2026-03-07 17:49:33,2.0
22,2026-03-07 17:49:33,4835.0
23,2026-03-07 17:49:33,15.0
24,2026-03-07 17:49:33,343.0
1,2026-03-07 18:01:38,172.0
2,2026-03-07 18:01:38,37.0
3,2026-03-07 18:01:38,280.0
4,2026-03-07 18:01:38,64.0
5,2026-03-07 18:01:38,135.0
6,2026-03-07 18:01:38,18194.03333
7,2026-03-07 18:01:38,0.0
8,2026-03-07 18:01:38,237.76085
9,2026-03-07 18:01:38,11.075
10,2026-03-07 18:01:38,255.0
11,2026-03-07 18:01:38,11.0
12,2026-03-07 18:01:38,0.0
13,2026-03-07 18:01:38,0.74128
14,2026-03-07 18:01:38,0.0
15,2026-03-07 18:01:38,17710.0
16,2026-03-07 18:01:38,25.0
17,2026-03-07 18:01:38,1274.0
18,2026-03-07 18:01:38,15.0
19,2026-03-07 18:01:38,0.0
20,2026-03-07 18:01:38,3.70349
21,2026-03-07 18:01:38,2.0
22,2026-03-07 18:01:38,4818.0
23,2026-03-07 18:01:38,15.0
24,2026-03-07 18:01:38,344.0
1,2026-03-07 18:49:16,174.0
2,2026-03-07 18:49:16,38.0
3,2026-03-07 18:49:16,283.0
4,2026-03-07 18:49:16,77.0
5,2026-03-07 18:49:16,147.0
6,2026-03-07 18:49:16,19803.63333
7,2026-03-07 18:49:16,0.0
8,2026-03-07 18:49:16,282.21574
9,2026-03-07 18:49:16,9.76667
10,2026-03-07 18:49:16,276.0
11,2026-03-07 18:49:16,8.0
12,2026-03-07 18:49:16,0.0
13,2026-03-07 18:49:16,0.76667
14,2026-03-07 18:49:16,0.0
15,2026-03-07 18:49:16,18014.0
16,2026-03-07 18:49:16,25.0
17,2026-03-07 18:49:16,1311.0
18,2026-03-07 18:49:16,15.0
19,2026-03-07 18:49:16,0.0
20,2026-03-07 18:49:16,3.64167
21,2026-03-07 18:49:16,2.0
22,2026-03-07 18:49:16,4972.0
23,2026-03-07 18:49:16,15.0
24,2026-03-07 18:49:16,360.0
1,2026-03-07 19:12:58,173.0
2,2026-03-07 19:12:58,38.0
3,2026-03-07 19:12:58,282.0
4,2026-03-07 19:12:58,83.0
5,2026-03-07 19:12:58,150.0
6,2026-03-07 19:12:58,18195.21667
7,2026-03-07 19:12:58,0.0
8,2026-03-07 19:12:58,224.35301
9,2026-03-07 19:12:58,9.7
10,2026-03-07 19:12:58,292.0
11,2026-03-07 19:12:58,9.0
12,2026-03-07 19:12:58,0.0
13,2026-03-07 19:12:58,0.8
14,2026-03-07 19:12:58,0.0
15,2026-03-07 19:12:58,18286.0
16,2026-03-07 19:12:58,25.0
17,2026-03-07 19:12:58,1319.0
18,2026-03-07 19:12:58,15.0
19,2026-03-07 19:12:58,0.0
20,2026-03-07 19:12:58,3.6137
21,2026-03-07 19:12:58,2.0
22,2026-03-07 19:12:58,5046.0
23,2026-03-07 19:12:58,15.0
24,2026-03-07 19:12:58,365.0
1,2026-03-07 19:36:38,175.0
2,2026-03-07 19:36:38,38.0
3,2026-03-07 19:36:38,282.0
4,2026-03-07 19:36:38,90.0
5,2026-03-07 19:36:38,159.0
6,2026-03-07 19:36:38,18195.61667
7,2026-03-07 19:36:38,0.0
8,2026-03-07 19:36:38,220.36976
9,2026-03-07 19:36:38,9.01667
10,2026-03-07 19:36:38,312.0
11,2026-03-07 19:36:38,9.0
12,2026-03-07 19:36:38,0.0
13,2026-03-07 19:36:38,0.83871
14,2026-03-07 19:36:38,0.0
15,2026-03-07 19:36:38,18745.0
16,2026-03-07 19:36:38,25.0
17,2026-03-07 19:36:38,1353.0
18,2026-03-07 19:36:38,15.0
19,2026-03-07 19:36:38,0.0
20,2026-03-07 19:36:38,3.6371
21,2026-03-07 19:36:38,2.0
22,2026-03-07 19:36:38,5194.0
23,2026-03-07 19:36:38,15.0
24,2026-03-07 19:36:38,372.0
1,2026-03-07 19:54:50,175.0
2,2026-03-07 19:54:50,38.0
3,2026-03-07 19:54:50,281.0
4,2026-03-07 19:54:50,88.0
5,2026-03-07 19:54:50,155.0
6,2026-03-07 19:54:50,18195.91667
7,2026-03-07 19:54:50,0.0
8,2026-03-07 19:54:50,222.12855
9,2026-03-07 19:54:50,8.81667
10,2026-03-07 19:54:50,304.0
11,2026-03-07 19:54:50,11.0
12,2026-03-07 19:54:50,0.0
13,2026-03-07 19:54:50,0.82385
14,2026-03-07 19:54:50,0.0
15,2026-03-07 19:54:50,18422.0
16,2026-03-07 19:54:50,25.0
17,2026-03-07 19:54:50,1328.0
18,2026-03-07 19:54:50,15.0
19,2026-03-07 19:54:50,0.0
20,2026-03-07 19:54:50,3.59892
21,2026-03-07 19:54:50,2.0
22,2026-03-07 19:54:50,5127.0
23,2026-03-07 19:54:50,15.0
24,2026-03-07 19:54:50,369.0
1,2026-03-07 20:18:07,173.0
2,2026-03-07 20:18:07,38.0
3,2026-03-07 20:18:07,282.0
4,2026-03-07 20:18:07,80.0
5,2026-03-07 20:18:07,147.0
6,2026-03-07 20:18:07,18196.31667
7,2026-03-07 20:18:07,0.0
8,2026-03-07 20:18:07,226.36717
9,2026-03-07 20:18:07,9.325
10,2026-03-07 20:18:07,300.0
11,2026-03-07 20:18:07,11.0
12,2026-03-07 20:18:07,0.0
13,2026-03-07 20:18:07,0.82873
14,2026-03-07 20:18:07,0.0
15,2026-03-07 20:18:07,18634.0
16,2026-03-07 20:18:07,25.0
17,2026-03-07 20:18:07,1330.0
18,2026-03-07 20:18:07,15.0
19,2026-03-07 20:18:07,0.0
20,2026-03-07 20:18:07,3.67403
21,2026-03-07 20:18:07,2.0
22,2026-03-07 20:18:07,5069.0
23,2026-03-07 20:18:07,15.0
24,2026-03-07 20:18:07,362.0
1,2026-03-07 20:46:38,174.0
2,2026-03-07 20:46:38,38.0
3,2026-03-07 20:46:38,281.0
4,2026-03-07 20:46:38,79.0
5,2026-03-07 20:46:38,145.0
6,2026-03-07 20:46:38,18196.78333
7,2026-03-07 20:46:38,0.0
8,2026-03-07 20:46:38,227.17213
9,2026-03-07 20:46:38,9.54167
10,2026-03-07 20:46:38,289.0
11,2026-03-07 20:46:38,11.0
12,2026-03-07 20:46:38,0.0
13,2026-03-07 20:46:38,0.80278
14,2026-03-07 20:46:38,0.0
15,2026-03-07 20:46:38,18523.0
16,2026-03-07 20:46:38,25.0
17,2026-03-07 20:46:38,1339.0
18,2026-03-07 20:46:38,15.0
19,2026-03-07 20:46:38,0.0
20,2026-03-07 20:46:38,3.71944
21,2026-03-07 20:46:38,2.0
22,2026-03-07 20:46:38,5038.0
23,2026-03-07 20:46:38,15.0
24,2026-03-07 20:46:38,360.0
1,2026-03-07 21:04:13,173.0
2,2026-03-07 21:04:13,39.0
3,2026-03-07 21:04:13,280.0
4,2026-03-07 21:04:13,83.0
5,2026-03-07 21:04:13,147.0
6,2026-03-07 21:04:13,18197.08333
7,2026-03-07 21:04:13,0.0
8,2026-03-07 21:04:13,225.2309
9,2026-03-07 21:04:13,8.98333
10,2026-03-07 21:04:13,301.0
11,2026-03-07 21:04:13,12.0
12,2026-03-07 21:04:13,0.0
13,2026-03-07 21:04:13,0.8292
14,2026-03-07 21:04:13,0.0
15,2026-03-07 21:04:13,18672.0
16,2026-03-07 21:04:13,25.0
17,2026-03-07 21:04:13,1344.0
18,2026-03-07 21:04:13,15.0
19,2026-03-07 21:04:13,0.0
20,2026-03-07 21:04:13,3.70248
21,2026-03-07 21:04:13,2.0
22,2026-03-07 21:04:13,5060.0
23,2026-03-07 21:04:13,15.0
24,2026-03-07 21:04:13,363.0
1,2026-03-07 21:31:38,170.0
2,2026-03-07 21:31:38,38.0
3,2026-03-07 21:31:38,280.0
4,2026-03-07 21:31:38,80.0
5,2026-03-07 21:31:38,145.0
6,2026-03-07 21:31:38,19804.08333
7,2026-03-07 21:31:38,0.0
8,2026-03-07 21:31:38,282.09588
9,2026-03-07 21:31:38,9.73333
10,2026-03-07 21:31:38,278.0
11,2026-03-07 21:31:38,11.0
12,2026-03-07 21:31:38,0.0
13,2026-03-07 21:31:38,0.77222
14,2026-03-07 21:31:38,0.0
15,2026-03-07 21:31:38,18604.0
16,2026-03-07 21:31:38,25.0
17,2026-03-07 21:31:38,1336.0
18,2026-03-07 21:31:38,15.0
19,2026-03-07 21:31:38,0.0
20,2026-03-07 21:31:38,3.71111
21,2026-03-07 21:31:38,2.0
22,2026-03-07 21:31:38,5014.0
23,2026-03-07 21:31:38,15.0
24,2026-03-07 21:31:38,360.0
